https://user-images.githubusercontent.com/114129453/204103654-261ad275-8b26-43de-be2f-524720e96602.png|Návestidlá, ktoré neplatia, sa označia kríţom neplatnosti vo svetelnom vyhotovení alebo dvoma skríţenými latkami bielej farby, širokými 50 mm a dlhými 750 mm, alebo sa celý návestný štít vhodne zakryje (napr.nepriesvitnou fóliou).
https://user-images.githubusercontent.com/114129453/204103785-7dcf78bf-7beb-480c-a46d-f79f74c56b22.png|Hlavné návestidlá, ktorých návesť Stoj, platí len pre vlaky a neplatí pre posun, sú s výnimkou oddielových návestidielautomatického bloku označené na stožiari (označovacom páse)červenými a bielymi pásmi rovnakej výšky.
https://user-images.githubusercontent.com/114129453/204103790-ac4e061b-2c85-4575-9487-fb8c46e86c28.png|Svetelné hlavné návestidlá, ktorých návesť Stoj, platí pre vlaky ajpre posun, sú označené na stoţiari (označovacom páse) červenými a bielymi pásmi, pričom biele pásy majú pribliţne polovičnú výšku pásov červených.
https://user-images.githubusercontent.com/114129453/204103788-b3a13e2c-7ac0-43b9-a835-e6893840ce42.png|Trpasličie hlavné návestidlá, ktorých návesť Stoj, platí pre vlaky aj pre posun, nemajú označovací pás.
https://user-images.githubusercontent.com/114129453/204103786-fd915cc1-b3cd-4b9b-9fc8-d05357b3cb77.png|Trpasličie hlavné návestidlá, ktoré platia len pre vlaky, majú na označovacom páse umiestnenom vedľa návestného štítu červené a biele pásy rovnakej výšky.
https://user-images.githubusercontent.com/114129453/204103914-b488edc7-e1f3-4314-ad8b-43b5993cfcff.png|Oddielové návestidlá automatického bloku sú označené na stožiari (označovacom páse) bielym pásom bez orámovania.
https://user-images.githubusercontent.com/114129453/204103927-cd86d738-3b71-48c6-ac09-e2356407922d.png|Zriaďovacie návestidlo platné pre posun (rovnako široké modré aj biele pásy)
https://user-images.githubusercontent.com/114129453/204103959-97a85fe3-91f3-45da-8127-fb98f2684a8d.png|Stoj
https://user-images.githubusercontent.com/114129453/204103995-211fd22f-a4b6-4914-a144-715be4683745.png|Výstraha
https://user-images.githubusercontent.com/114129453/204103994-805a69d7-c3a4-497c-8e04-db80fab062b5.png|Voľno
https://user-images.githubusercontent.com/114129453/204103993-d1ede0af-4fb1-44c6-a099-08e2e22eed80.png|Očakávajte rýchlosť 40 km/h
https://user-images.githubusercontent.com/114129453/204103991-197c4446-496e-4dd9-aa80-209714278b62.png|Očakávajte rýchlosť 60 km/h
https://user-images.githubusercontent.com/114129453/204103989-d0d0b00e-b713-4ce5-99e9-132da3976431.png|Očakávajte rýchlosť 80 km/h
https://user-images.githubusercontent.com/114129453/204103987-d31bc620-d078-436e-8e8d-38b9b270befa.png|Očakávajte rýchlosť 100 km/h
https://user-images.githubusercontent.com/114129453/204103986-7c30c537-d598-4876-b89b-34fbba924f65.png|Rýchlosť 40 km/h a voľno
https://user-images.githubusercontent.com/114129453/204103984-860dfeba-e460-4e86-95a3-866c3aa61160.png|Rýchlosť 60 km/h a voľno
https://user-images.githubusercontent.com/114129453/204103983-2ed475a0-b343-409a-99e4-370b0f150015.png|Rýchlosť 80 km/h a voľno
https://user-images.githubusercontent.com/114129453/204103982-cfb0e692-737b-4f80-b007-38878f6f8ca9.png|Rýchlosť 100 km/h a voľno
https://user-images.githubusercontent.com/114129453/204103981-25f15320-e7a7-4b2a-8a59-c987fa3e2373.png|Rýchlosť 40 km/h a výstraha
https://user-images.githubusercontent.com/114129453/204103979-ceaf088a-6f62-4b15-97f4-e5887b3ea5bd.png|Rýchlosť 60 km/h a výstraha
https://user-images.githubusercontent.com/114129453/204103978-050a3755-39ba-4fcb-b787-7d5ffe4ee038.png|Rýchlosť 80 km/h a výstraha
https://user-images.githubusercontent.com/114129453/204103977-39072e58-e42f-48a7-bc72-6f23898da086.png|Rýchlosť 100 km/h a výstraha
https://user-images.githubusercontent.com/114129453/204103976-dc513446-de69-4180-93dd-17cbee164835.png|Rýchlosť 40 km/h a očakávajte 40 km/h
https://user-images.githubusercontent.com/114129453/204103975-461387f0-4743-48b2-b06c-777f560b3961.png|Rýchlosť 40 km/h a očakávajte 60 km/h
https://user-images.githubusercontent.com/114129453/204103974-8a125e74-381a-409b-9817-017f8ea04ff6.png|Rýchlosť 40 km/h a očakávajte 80 km/h
https://user-images.githubusercontent.com/114129453/204103973-2cbfeb80-0541-4ab8-b253-10159d0155fc.png|Rýchlosť 40 km/h a očakávajte 100 km/h
https://user-images.githubusercontent.com/114129453/204103971-3f2e54a9-e0dd-4f2c-b28c-21c77b991ae0.png|Rýchlosť 60 km/h a očakávajte 40 km/h
https://user-images.githubusercontent.com/114129453/204103970-2d035bc3-55e8-4b22-baea-abf8bc42d33e.png|Rýchlosť 60 km/h a očakávajte 60 km/h
https://user-images.githubusercontent.com/114129453/204103969-560e2d3f-6934-4fe6-a1c4-39470ad5a805.png|Rýchlosť 60 km/h a očakávajte 80 km/h
https://user-images.githubusercontent.com/114129453/204103968-e00eb1c8-e01a-42c7-86ff-6a2486e8edf9.png|Rýchlosť 60 km/h a očakávajte 100 km/h
https://user-images.githubusercontent.com/114129453/204103967-7f309408-09ce-4afc-8fb7-c5e66cfd548f.png|Rýchlosť 80 km/h a očakávajte 40 km/h
https://user-images.githubusercontent.com/114129453/204103966-98f9c06f-4672-4769-8bb3-6f27a892c9b6.png|Rýchlosť 80 km/h a očakávajte 60 km/h
https://user-images.githubusercontent.com/114129453/204103965-9fe511bd-38a7-48c4-8351-1c01e5e64132.png|Rýchlosť 80 km/h a očakávajte 80 km/h
https://user-images.githubusercontent.com/114129453/204103964-1aab8eaa-7b87-4351-9b25-8257612e2197.png|Rýchlosť 80 km/h a očakávajte 100 km/h
https://user-images.githubusercontent.com/114129453/204103963-6049f6ea-2fe5-46c0-9600-0f6927f97040.png|Rýchlosť 100 km/h a očakávajte 40 km/h
https://user-images.githubusercontent.com/114129453/204103962-a62e1593-51a7-4c06-9b44-b3371c3cf527.png|Rýchlosť 100 km/h a očakávajte 60 km/h
https://user-images.githubusercontent.com/114129453/204103961-b1a93ac7-1764-48b5-b3b0-f49b662b7152.png|Rýchlosť 100 km/h a očakávajte 80 km/h
https://user-images.githubusercontent.com/114129453/204103960-0825bff8-850f-4807-a2cf-ed393ab7be75.png|Rýchlosť 100 km/h a očakávajte 100 km/h
https://user-images.githubusercontent.com/114129453/204104504-145865f0-1641-42dd-ab66-d4bb81fb718a.png|Rýchlosť 50 km/h a očakávajte 90 km/h
https://user-images.githubusercontent.com/114129453/204104505-ca01c00e-9e05-4f8a-9b6b-06a24a9de745.png|Rýchlosť 80 km/h a výstraha
https://user-images.githubusercontent.com/114129453/204104506-838d8ad4-3695-46ce-acfb-4c57ee67bd49.png|Rýchlosť 120 km/h a voľno
https://user-images.githubusercontent.com/114129453/204104508-d30dda51-57c2-4a6b-a46d-3f9f9d68a48c.png|Očakávajte rýchlosť 70 km/h
https://user-images.githubusercontent.com/114129453/204104515-0d1d24c4-84c7-430c-a53b-53b083827972.png|Rýchlosť 40 km/h a očakávajte 110 km/h
https://user-images.githubusercontent.com/114129453/204104514-c741b588-2eb7-4e35-ac9a-4f2f50012ab8.png|Opakovanie návesti Voľno
https://user-images.githubusercontent.com/114129453/204104513-6da18b27-c37d-4a97-9aeb-38a64d1a6920.png|Opakovanie návesti Výstraha
https://user-images.githubusercontent.com/114129453/204104512-1937cf7e-29a8-4766-a1b8-3f90fed5bf44.png|Opakovanie návesti Očakávajte rýchlosť 40 km/h
https://user-images.githubusercontent.com/114129453/204104511-d59890b0-c52f-4396-aa4a-56dbcb6bd0db.png|Opakovanie návesti Očakávajte rýchlosť 60 km/h
https://user-images.githubusercontent.com/114129453/204104510-65a40b04-d953-40f7-8147-7aee572a2f8d.png|Opakovanie návesti Očakávajte rýchlosť 80 km/h
https://user-images.githubusercontent.com/114129453/204104509-7ef35cdf-2622-4c78-bece-7a41c5f65a96.png|Opakovanie návesti Očakávajte rýchlosť 100 km/h
https://user-images.githubusercontent.com/114129453/204104846-5edd693c-834c-4dc4-a05d-d81e27f4ba1e.png|2 biele zvislé pásy - ak sú návestidlá umiestnené na kratšiu vzdialenosť ako je zábrzdná a miestne pomery zaručujú zastavenie vlaku / návesť doplnená bielym svetlom - ak sú návestidlá umiestnené na kratšiu vzdialenosť ako je zábrzdná a miestne pomery nezaručujú zastavenie vlaku
https://user-images.githubusercontent.com/114129453/204105072-73b850e0-699f-4672-9c60-387b4e1833ef.png|Denný znak Výstraha (Terč vo zvislej polohe) / Voľno (Terč vo vodorovnej polohe)
https://user-images.githubusercontent.com/114129453/204105071-4e0923a8-40d2-4da7-9093-d7c0e1b67f85.png|Nočný znak Výstraha (Žlté svetlo alebo žltý terč z materiálu odrážajúceho svetlo) / Voľno (Zelené svetlo alebo zelená doska z materiálu odrážajúceho svetlo)
https://user-images.githubusercontent.com/114129453/204105070-47917672-3579-4962-b5a4-2df633f1b23d.png|Stoj - Denný znak (Jedno rameno vpravo vodorovne)
https://user-images.githubusercontent.com/114129453/204105069-bed890e8-0aab-4aa0-829d-43d98bf3cee2.png|Stoj- Nočný znak (Červené svetlo)
https://user-images.githubusercontent.com/114129453/204105068-e7cf588f-4ee7-4486-9f67-2d1a95085deb.png|Voľno - Denný znak (Jedno rameno vpravo šikmo nahor v uhle 45°)
https://user-images.githubusercontent.com/114129453/204105067-13416572-3826-4f6e-8dad-73a72d5afc3f.png|Voľno - Nočný znak (Zelené svetlo)
https://user-images.githubusercontent.com/114129453/204105066-0424d530-ce6d-4098-85ae-2ba1be9bc554.png|Výstraha - Denný znak (Jedno rameno vpravo šikmo nahor v uhle 45° a pod ním žlté rameno vodorovne)
https://user-images.githubusercontent.com/114129453/204105065-87f90eef-6773-48f0-96a3-fd03e83811fe.png|Výstraha - Nočný znak (Jedno žlté svetlo)
https://user-images.githubusercontent.com/114129453/204105063-a59412e4-2d54-4102-a987-7876f967cb14.png|Na vchodovom (cestovom) návestidle so žltým ramenom - Denný znak Rýchlosť 40 km/h a Výstraha (Dve ramená vpravo šikmo nahor v uhle 45° a medzi nimi žlté rameno vodorovne)
https://user-images.githubusercontent.com/114129453/204105062-5889786f-0395-46aa-b820-88235811839d.png|Na vchodovom (cestovom) návestidle so žltým ramenom: Nočný znak Rýchlosť 40 km/h a Výstraha (Dve žlté svetlá pod sebou)
https://user-images.githubusercontent.com/114129453/204105060-dfb50820-e881-4aee-a669-9e15c413b2d6.png|Na vchodovom (cestovom ) návestidle bez žltého ramena: Denný znak Rýchlosť 40 km/h a Výstraha (Dve ramená vpravo šikmo nahor v uhle 45°)
https://user-images.githubusercontent.com/114129453/204105059-af3d59e8-4d8f-4bb8-bca7-a2b972fc6c31.png|Na vchodovom (cestovom ) návestidle bez žltého ramena: Nočný znak Rýchlosť 40 km/h a Výstraha (Dve zelené svetlá pod sebou)
https://user-images.githubusercontent.com/114129453/204105756-62db6238-450f-418b-be1a-0edbdd1f97ff.png|Opatrne na ručnú privolávaciu návesť - Denný znak (Biely terč s čiernym okrajom držaný zamestnancom) a Nočný znak (Striedavo žlté a zelené svetlo ručného lampáša)
https://user-images.githubusercontent.com/114129453/204105822-fcc650d6-07ad-488b-8fd7-a732584dabe4.png|Opatrne na privolávaciu návesť (Samostatné biele prerušované svetlo alebo v kombinácii s červeným svetlom)
https://user-images.githubusercontent.com/114129453/204105872-3e872f1c-83a8-4ffc-be7a-9c73928811c0.png|Predzvestné upozorňovadlo, upozorňuje na predzvesť vchodového návestidla zlúčenú s oddielovým návestidlom automatického bloku (Na stožiari posledného oddielového návestidla automatického bloku biela štvorcová doska s čiernym orámovaním, na nej čierny kruh s bielym medzikružím)
https://user-images.githubusercontent.com/114129453/204106057-1ae9edc4-0d81-49c3-8e97-3ded98048b2a.png|Predzvestné upozorňovadlo, upozorňuje na samostatnú predzvesť hlavného návestidla, ktoré kryje obvod výhybiek (Biela tabuľa s čiernym orámovaním, na nej dva čierne šípy nad sebou s hrotmi obrátenými proti sebe)
https://user-images.githubusercontent.com/114129453/204106058-eb4517eb-6a74-4309-9aae-4b3d52ea8bea.png|Predzvestné upozorňovadlo, upozorňuje na samostatnú predzvesť hlavného návestidla, ktoré nekryje obvod výhybiek (Biela tabuľa s čiernym orámovaním, na nej čierny stojaci kríž)
https://user-images.githubusercontent.com/114129453/204105880-eeabab2a-73b2-41fd-92e0-5e93ed0dbb5f.png|Skupinové svetelné odchodové návestidlo môže byť doplnené indikátorom návestiacim zelenou číslicou koľaj, z ktorej je postavená vlaková cesta pre odchod.
https://user-images.githubusercontent.com/114129453/204105879-b5dc289c-602b-4574-8050-eedb6926d2f4.png|Indikátorová čierna tabuľka s bielou šípkou smerujúcou z ľavého (pravého) horného rohu do pravého (ľavého) dolného rohu sa umiestňuje na návestidlo v prípadoch, kedy by mohlo dôjsť k zámene návestidiel. Šípka na tabuľke stanovuje, pre ktorú koľaj neprenosné návestidlo platí.
https://user-images.githubusercontent.com/114129453/204106210-ee9c0ca2-a01b-4b7f-992a-1cbbf2ffa987.png|Vlak sa blíži k predzvesti - pred samostatnou predzvesťou hlavných návestidiel, ktoré kryjú obvod výhybiek (Stojaté biele obdĺžnikové dosky so štyrmi, tromi, dvomi a jedným čiernym pásom smerujúcim šikmo nahor)
https://user-images.githubusercontent.com/114129453/204106209-6991b997-be70-48b3-b6e5-91bdd4d37adb.png|Vlak sa blíži k predzvesti - pred samostatnou predzvesťou hlavných návestidiel, ktoré nekryjú obvod výhybiek (Stojaté biele obdĺžnikové dosky so štyrmi, tromi dvomi a jedným čiernym vodorovným pásom)
https://user-images.githubusercontent.com/114129453/204106208-aa390448-f539-48f6-8c59-981b013231c0.png|Vzdialenostné upozorňovadlá doplnené červeným bleskom - Pred predzvesťou vchodového návestidla stanice alebo odbočky, prípadne oddielového alebo krycieho návestidla, kde trať bez trakčného vedenia ústi do trate s trakčným vedením, sú všetky vzdialenostné upozorňovadlá doplnené červeným bleskom
https://user-images.githubusercontent.com/114129453/204106207-2f0b87cf-12cd-4d48-b206-78cda7eef3fb.png|Tabuľka s červeným bleskom - Tam, kde nie sú vzdialenostné upozorňovadlá, používa sa pre označenie koľajiska s trakčným vedením tabuľka s červeným bleskom (Značka s červeným bleskom na bielej tabuli)
https://user-images.githubusercontent.com/114129453/204106206-34a13ef4-5f70-496b-9115-6a53982d67e7.png|Vlak sa blíži k hlavnému návestidlu (Čierne obdĺžnikové dosky s bielym okrajom a na nich biele rovnostranné trojuholníky z materiálu odrážajúceho svetlo, postavené na základni)
https://user-images.githubusercontent.com/114129453/204106205-562f8e55-e62c-4f30-9be3-9c12fed3e461.png|Upozorňovadlo na skupinové návestidlo (Na stožiari návestidla biela štvorcová doska s čiernym orámovaním. Na doske je čierny šikmý pás smerujúci z ľavého dolného rohu do pravého horného rohu)
https://user-images.githubusercontent.com/114129453/204106204-ba848271-840b-48d1-9886-8a158cb86ba6.png|Návestidlo je na opačnej strane - pri hlavnom návestidle (Biela obdĺžniková doska s červeným trojuholníkom smerujúcim k hlavnému návestidlu)
https://user-images.githubusercontent.com/114129453/204106203-66d18e14-86dc-4333-ba8e-cc2212f3fde1.png|Návestidlo je na opačnej strane - pri samostatnej predzvesti (Čierna obdĺžniková doska so žltým trojuholníkom smerujúcim k predzvesti)
https://user-images.githubusercontent.com/114129453/204106202-b5f57e05-fe8b-41e5-a349-ddbd4126ec75.png|Návestidlo je na opačnej strane - pri priecestníku (Čierna obdĺžniková doska s bielym trojuholníkom smerujúcim na priecestník)
https://user-images.githubusercontent.com/114129453/204106211-f3a31515-f6d1-41b3-a57b-4c3ccd94964b.png|Návestidlo je na opačnej strane - pri zriaďovacom návestidle (Biela obdĺžniková doska s modrým trojuholníkom smerujúcim k zriaďovaciemu návestidlu)
https://user-images.githubusercontent.com/114129453/204106574-f5f4921f-318b-4f69-8475-dcd1541f90e9.png|Vlak sa blíži k priecestníku (Stojatá biela obdĺžniková tabuľa so zrezanými hornými rohmi, v dolnej časti stojatý čierny obdĺžnik s bielymi kruhmi, v hornej časti čierna číslica udávajúca počet priecestí krytých priecestníkom)
https://user-images.githubusercontent.com/114129453/204106571-2354b175-ffba-4d8f-a5da-7793c43167af.png|Pohotovostný stav (Na priecestníku svieti horné biele svetlo a spodné dve žlté svetlá, ak nie sú nahradené odrazkami, v dolnej časti biela číslica udávajúca počet priecestí krytých priecestníkom)
https://user-images.githubusercontent.com/114129453/204106573-b58d8dc0-3048-4a43-8e31-05d0676b5aa8.png|Porucha PZZ (Na priecestníku svietia dve žlté svetlá, ak nie sú nahradené odrazkami, v dolnej časti biela číslica udávajúca počet priecestí krytých priecestníkom)
https://user-images.githubusercontent.com/114129453/204106659-4a8b314e-53b4-4728-96a4-d9461402b008.png|Priecestné upozorňovadlo (Čierna trojuholníková tabuľa s bielymi okrajmi postavená na vrchole, v strede tabule biela číslica)
https://user-images.githubusercontent.com/114129453/204106681-15c05f37-f5f9-468a-a216-f342ecc42a3a.png|Stoj protiidúcim dráhovým vozidlám (jedno červené svetlo na HDV)
https://user-images.githubusercontent.com/114129453/204106718-92b8aa49-0978-4f17-b046-1b70bd50b3d8.png|Stoj, zastavte všetkými prostriedkami - Ručná návesť / Zvuková návesť ... ... ...
https://user-images.githubusercontent.com/114129453/204106691-2ef6b8a5-eff0-436e-8642-634af361e481.png|Stoj (Červená obdĺžniková doska s bielym okrajom)
https://user-images.githubusercontent.com/114129453/204106690-b7c3ebe8-10d5-4705-9810-b0783ebb01df.png|Stoj - Denný znak (Rozvinutá červená zástavka držaná zamestnancom kolmo na koľaj) a Nočný znak (Červené svetlo, držané pri mieste zastavenia)
https://user-images.githubusercontent.com/114129453/204106689-bf946f8f-b226-4cae-a3ef-d6e6bc18b7f9.png|Stoj (Červený terč v malom vyhotovení drží zamestnanec kolmo ku koľaji, približne vo výške ramien návestným znakom oproti prichádzajúcemu dráhovému vozidlu)
https://user-images.githubusercontent.com/114129453/204106688-a2fd8fca-2543-4608-9a03-526bdc67a61b.png|Výstraha (Žltý terč s čiernym orámovaním a bielym okrajom / Žltý trojuholníkový štít s čiernym orámovaním a bielym okrajom, postavený na základni)
https://user-images.githubusercontent.com/114129453/204106687-8b45fc7f-3cb3-438c-a10e-0d97c521c813.png|Výstraha - Denný znak (Rozvinutá žltá zástavka držaná kolmo na koľaj) a Nočný znak (Žlté svetlo držané zamestnancom)
https://user-images.githubusercontent.com/114129453/204106686-ee8a77c1-8a9f-4a2c-9743-192aa3912516.png|Námedzník (Biely vodorovný trámec s čiernymi pásmi na obidvoch koncoch pred šikmým ukončením)
https://user-images.githubusercontent.com/114129453/204106685-2ac4eeab-34fe-49c6-bb22-f30c9cb80e97.png|Hranica izolovaného úseku (Biely stĺpik s červenou hlavicou a s čiernym vodorovným pásom)
https://user-images.githubusercontent.com/114129453/204106964-b77684c7-57a9-49e3-9300-58151662ef24.png|Rýchlostník (Biela obdĺžniková doska alebo terč a na nich čierne číslice)
https://user-images.githubusercontent.com/114129453/204106963-6292bf5c-e22b-4588-8273-00cace3e9f5f.png|Predzvestník (Žltý, na vrchole postavený trojuholníkový štít alebo terč s bielym okrajom, na štíte alebo terči čierna číslica)
https://user-images.githubusercontent.com/114129453/204106962-46b14e26-20c6-405d-b185-0d6d583f58a1.png|Predzvestný štít (Na vrchole postavený žltý trojuholníkový štít s bielym okrajom, na ktorom je čiernou číslicou označená v desiatkach km za hodinu hodnota prechodne obmedzenej traťovej rýchlosti. Pri nedostatku miesta môže byť štít postavený na základni. Stĺpik návesti sa označí dvoma odrazkami kruhového tvaru žltej farby umiestnenými v nerovnakej výške, pričom pravá odrazka je nižšie. Dodatková tabuľka s čiernym písmenom D v žltom poli označuje návestidlo s časovo vymedzenou platnosťou.)
https://user-images.githubusercontent.com/114129453/204106960-83bf5d3e-3059-4ea2-9885-af2ee6b90979.png|Začiatok prechodného obmedzenia traťovej rýchlosti (Žltá obdĺžniková tabuľa s bielym okrajom a čiernym písmenom Z postavená na výšku. Dodatková tabuľka s čiernym písmenom D v žltom poli označuje návestidlo s časovo vymedzenou platnosťou.)
https://user-images.githubusercontent.com/114129453/204106961-3fc08f25-abeb-4313-a0ce-0a15c0cf2a54.png|Koniec prechodného obmedzenia traťovej rýchlosti (Biela obdĺžniková tabuľa s čiernym písmenom K postavená na výšku. Dodatková tabuľka s čiernym písmenom D v žltom poli označuje návestidlo s časovo vymedzenou platnosťou.)
https://user-images.githubusercontent.com/114129453/204106958-634f52b3-8e46-46af-b217-9bd7f9c197b0.png|Rýchlostník (Žlté rameno s bielymi priečnymi pásmi a s čiernym okrajom smerujúcim vpravo šikmo dole, v žltých poliach žlté odrazky, pod ramenom biela tabuľka s čiernym číslom, stĺpik má čierne a biele pásy)
https://user-images.githubusercontent.com/114129453/204106957-badef58b-13d9-4507-a0e9-1c73285d0aaf.png|Predzvestník (Žlté rameno s bielymi priečnymi pásmi a s čiernym okrajom smerujúcim vpravo šikmo dole, v žltých poliach žlté odrazky, pod ramenom žltý, na vrchole postavený trojuholníkový štít orámovaný s bielym okrajom, na štíte čierna číslica)
https://user-images.githubusercontent.com/114129453/204107183-719f9f80-438b-4c76-9fbf-480bf102d073.png|Jazda priamym smerom (Stojatý biely obdĺžnik s čiernym okrajom, obrátený proti obom jazdným smerom.)
https://user-images.githubusercontent.com/114129453/204107181-998d1552-0703-4415-bb4a-7889af810c01.png|Jazda proti hrotu vpravo (Biela šípka v čiernom poli smerujúca z dolného ľavého šikmo nahor, hrot šípky označuje smer odbočenia)
https://user-images.githubusercontent.com/114129453/204107180-07bca728-212c-479f-8c2e-c112eb67f843.png|Jazda proti hrotu vľavo (Biela šípka v čiernom poli smerujúca z dolného pravého rohu šikmo nahor, hrot šípky označuje smer odbočenia)
https://user-images.githubusercontent.com/114129453/204107179-507e0eb2-4f6b-4b1c-a146-dad91c5ea130.png|Jazda po hrote sprava (Biela šípka v čiernom poli smerujúca z dolného pravého rohu šikmo nahor, šípka označuje jazdu z pravej vetvy výhybky.)
https://user-images.githubusercontent.com/114129453/204107178-131c4587-33e6-4f9d-a383-3e1248d8e6cd.png|Jazda po hrote zľava (Biela šípka v čiernom poli smerujúca z dolného ľavého rohu šikmo nahor, šípka označuje jazdu z ľavej vetvy výhybky.)
https://user-images.githubusercontent.com/114129453/204107177-c64dccd3-4974-424a-8ae7-672cf7fe7b30.png|Jazda proti hrotu a Jazda po hrote (Biela šípka v čiernom poli smerujúca z dolného ľavého alebo dolného pravého rohu šikmo nahor, hrot šípky označuje smer jazdy z pravej alebo z ľavej vetvy výhybky)
https://user-images.githubusercontent.com/114129453/204107176-5c12eaf5-2a9a-4b6e-927d-b97f6689834d.png|Jazda proti hrotu vpravo (Biely šíp v čiernom poli, hrot šípu označuje smer odbočenia)
https://user-images.githubusercontent.com/114129453/204107175-6931eea0-760d-4d17-abcf-9ca05ec7c2ae.png|Jazda proti hrotu vľavo (Biely šíp v čiernom poli, hrot šípu označuje smer odbočenia)
https://user-images.githubusercontent.com/114129453/204107189-e3dfb1f6-8f5e-4027-bbc1-611a6019e975.png|Jazda po hrote sprava i zľava (Biely ležatý obdĺžnik v čiernom poli)
https://user-images.githubusercontent.com/114129453/204107187-b4f33749-c85f-4761-a9d1-5b2071f6f02c.png|Jazda priamym smerom sprava doľava (Dva biele obdĺžnikové šípy v čiernom poli (hroty k sebe) smerujúce z pravého dolného rohu šikmo nahor)
https://user-images.githubusercontent.com/114129453/204107186-c614df34-f94d-4cfe-98bf-c012742ce695.png|Jazda priamym smerom zľava doprava (Dva biele obdĺžnikové šípy v čiernom poli (hroty k sebe) smerujúce z ľavého dolného rohu šikmo nahor)
https://user-images.githubusercontent.com/114129453/204107185-a9251942-0135-46c0-a457-ddfb287b99f9.png|Jazda vedľajším smerom zľava doľava (Dva biele obdĺžnikové šípy v čiernom poli (hroty k sebe) tvoriace uhol otvorený vľavo)
https://user-images.githubusercontent.com/114129453/204107184-ec2b3a1e-bb63-49ea-9c31-82d039c7ba79.png|Jazda vedľajším smerom sprava doprava (Dva biele obdĺžnikové šípy v čiernom poli (hroty k sebe) tvoriace uhol otvorený vpravo)
https://user-images.githubusercontent.com/114129453/204108161-7c0d08af-e69f-4cc9-892d-8c049a1a88bc.png|Vzdialiť - Denný znak (Zvislé pohyby zástavkou) a Nočný znak (Ako denný znak, namiesto zástavky ručný lampáš s bielym svetlom) Zvuková návesť: 1 dlhý zvuk
https://user-images.githubusercontent.com/114129453/204108160-9dd09ad7-1f2e-4263-8665-9c8b8fde6c67.png|Priblížiť - Denný znak (Vodorovné dlhé pohyby zástavkou) a Nočný znak (Ako denný znak, namiesto zástavky ručný lampáš s bielym svetlom) Zvuková návesť: 2 dlhé zvuky
https://user-images.githubusercontent.com/114129453/204108159-b85f6ece-db88-492c-a8eb-d2d4517117fb.png|Stlačiť - Denný znak (Krátke vodorovné pohyby rukami k sebe a od seba, v jednej ruke drží zamestnanec zástavku) a Nočný znak (Ako denný znak, namiesto zástavky ručný lampáš s bielym svetlom) Zvuková návesť: 2 krátke zvuky rýchlo za sebou
https://user-images.githubusercontent.com/114129453/204108158-a0498eb6-24ac-42ff-87a5-3238c88fb7db.png|Popotiahnuť - Denný znak (Krátke zvislé pohyby vzpaženými rukami, v jednej ruke drží zamestnanec zástavku) a Nočný znak (Ako denný znak, namiesto zástavky ručný lampáš s bielym svetlom) Návesť sa vždy doplní jedným alebo dvoma dlhými zvukmi na píšťalke (podľa požadovaného smeru pohybu) ako návesť Vzdialiť, alebo Priblížiť.
https://user-images.githubusercontent.com/114129453/204108156-39aee451-2475-4690-bdaa-22693b867be9.png|Odraz - Denný znak (Voľný pohyb ruky držiacej zástavku zhora nadol a potom rýchlo vpravo šikmo hore) a Nočný znak (Ako denný znak, namiesto zástavky ručný lampáš s bielym svetlom) Zvuková návesť: 1 dlhý a 1 krátky zvuk
https://user-images.githubusercontent.com/114129453/204108155-683fcbc5-7ec7-41af-8141-9edaf7a0a9e6.png|Pomaly - Denný znak (Ruka držiaca zástavku šikmo nahor) a Nočný znak (Ako denný znak, namiesto zástavky ručný lampáš s bielym svetlom) Zvuková návesť: 3 dlhé zvuky
https://user-images.githubusercontent.com/114129453/204108154-0c8a2c69-4130-46df-b6df-9b28b53230bc.png|Stoj - Denný znak (Kruhové pohyby zástavkou v natiahnutej ruke, alebo len rukou) a Nočný znak (Ako denný znak, namiesto zástavky ručný ampáš s bielym svetlom) Zvuková návesť: 3 krátke zvuky
https://user-images.githubusercontent.com/114129453/204108153-95f71dd8-9b53-421a-9ab8-222d9540f0b7.png|Dva krátke zvuky trúbkou alebo húkačkou
https://user-images.githubusercontent.com/114129453/204108152-d2bf79da-f8c2-4bb6-8462-457fd0079a8e.png|Jeden krátky zvuk trúbkou alebo húkačkou
https://user-images.githubusercontent.com/114129453/204108151-bd12c961-1619-49ce-93b3-eac4daca7f1e.png|Jeden dlhý a dva krátke zvuky trúbkou alebo húkačkou štyrikrát opakované
https://user-images.githubusercontent.com/114129453/204108695-01b03bec-e095-4d5e-ba0e-048733dd34a8.png|Posun zakázaný (Modré svetlo)
https://user-images.githubusercontent.com/114129453/204108713-1004a84c-8ec5-4366-984c-d52556e12614.png|Posun dovolený (Biele svetlo)
https://user-images.githubusercontent.com/114129453/204108712-21b3ada8-8359-4d07-8bda-3e0a26a529cc.png|Posun dovolený (Kombinácie s červeným svetlom)
https://user-images.githubusercontent.com/114129453/204108711-010cd581-44ad-4b89-b110-5481e7328421.png|Opakovacie svetelné zriaďovacie návestidlo
https://user-images.githubusercontent.com/114129453/204108710-2d299b5a-bd7b-4cf3-924b-721b3e1dd526.png|Posun zakázaný (Štvorcová na vrchole postavená modrá doska s bielym okrajom), Posun Dovolený (Doska vo vodorovnej polohe) <- Denný znak
https://user-images.githubusercontent.com/114129453/204108708-49ff24c8-716b-41d2-8a5c-676f5303e519.png|Posun zakázaný (Modré svetlo), Posun Dovolený (Biele svetlo) <- Nočný znak
https://user-images.githubusercontent.com/114129453/204108707-0139cdc8-93d0-44df-8b23-23c3d6d8f86e.png|Opakovacie spádoviskové návestidlo - Opakovacie spádoviskové návestidlo môže byť tiež zlúčené so zriaďovacímalebo hlavným návestidlom. Ak je spádoviskové návestidlo zlúčené so zriaďovacím alebo opakovacie spádoviskové návestidlo s hlavným (zriaďovacím) návestidlom, doplní sa na odlíšenie spádoviskovej signalizácie návesť dovoľujúca tlačenie bielym symbolom zvážneho pahorku.
https://user-images.githubusercontent.com/114129453/204108705-0a89f067-9321-44c3-b099-c106d605a1f4.png|Tlačiť zakázané (Červené svetlo)
https://user-images.githubusercontent.com/114129453/204108703-921e0b6a-f0e3-4389-bfe3-c733b7479e67.png|Tlačiť pomaly (Dve biele svetlá pod sebou)
https://user-images.githubusercontent.com/114129453/204108700-58e15d44-6c68-49c6-b17f-c399a292eba6.png|Tlačiť rýchlejšie (Jedno biele svetlo)
https://user-images.githubusercontent.com/114129453/204108699-3de2f0a7-278c-4e7b-becc-de6c0a94c5f7.png|Späť (Červené svetlo a pod ním biele písmeno Z)
https://user-images.githubusercontent.com/114129453/204108698-fd59d122-e027-45b8-9ca8-d916bb477046.png|Prísun súpravy vozidiel k spádovisku (Dve prerušované biele svetlá pod sebou)
https://user-images.githubusercontent.com/114129453/204109121-9fa445a2-3fdd-4852-9f95-ec7b5df094a5.png|Označník (Biely stĺpik s modrou hlavicou)
https://user-images.githubusercontent.com/114129453/204109120-b5a61491-f1c3-4369-be55-c5370a9f26e1.png|Pohyb vozidiel dovolený - dovoľuje pohyb vozidiel cez koľajovú váhu (Červenobiele ramená šikmo nahor)
https://user-images.githubusercontent.com/114129453/204109119-e3145218-3e5a-4b75-bd21-8ffdf0ad4839.png|Pohyb vozidiel zakázaný - zakazuje akýkoľvek pohyb vozidiel na koľajovej váhe (Červenobiele ramená vodorovne)
https://user-images.githubusercontent.com/114129453/204109118-4e8e42d0-66b0-4228-b470-f1d708c29a3d.png|Stoj, koľaj uzavretá - Predná strana (Vodorovný čierny pás v bielom kruhovom poli) a Zadná strana (Dve biele kruhové plôšky vodorovne vedľa seba)
https://user-images.githubusercontent.com/114129453/204109117-a13c7a67-e207-46e2-88fb-4ce5e2889de6.png|Uzavretie koľaje zrušené - Predná strana (Čierny pás v bielom kruhovom poli smerujúci šikmo nahor v uhle 45°) a Zadná strana (Dve biele kruhové plôšky šikmo pod sebou)
https://user-images.githubusercontent.com/114129453/204109116-59452c70-adf0-481e-8eb6-a98a5c68f20b.png|Vyčkávacie návestidlo - Posun zakázaný (Modré písmeno V s bielym okrajom)
https://user-images.githubusercontent.com/114129453/204109115-50830347-0856-4ede-8507-8bf89a013d1d.png|Začiatok vlaku (Tri biele svetlá usporiadané v tvare rovnoramenného trojuholníka)
https://user-images.githubusercontent.com/114129453/204109113-ee002760-5f8a-4e3c-85e1-2ca31587c9e0.png|Koniec vlaku (Dve červené svetlá alebo dve koncové návestné obdĺžnikové dosky s červenými a bielymi trojuholníkmi stojacimi proti sebe z materiálu odrážajúceho svetlo alebo dva koncové červené terče s bielym okrajom z materiálu odrážajúceho svetlo, umiestnenými na konci vlaku v rovnakej výške)
https://user-images.githubusercontent.com/114129453/204109112-9f477c5e-5eb7-4489-9222-75d92aa585aa.png|Koniec časti vlaku - Denný znak (Žltá zástavka alebo obdĺžniková doska žltej farby z materiálu odrážajúceho svetlo na zadnej strane posledného vozidla jednotlivých častí vpravo) a Nočný znak (Žlté svetlo alebo obdĺžniková doska žltej farby z materiálu odrážajúceho svetlo na zadnej strane posledného vozidla jednotlivých častí vpravo)
https://user-images.githubusercontent.com/114129453/204109111-c38106eb-1cb1-4c5c-9618-befbb89f94a4.png|Otvorené dvere - Denný znak (Modrá zástavka alebo modré svetlo) a Nočný znak (Modré svetlo)
https://user-images.githubusercontent.com/114129453/204109484-ffa4d610-795f-4f3f-8f42-cda14718181e.png|1 dlhý zvuk
https://user-images.githubusercontent.com/114129453/204109489-92c32a8d-ff36-4db5-b9c7-5d4f65138b16.png|1 krátky zvuk
https://user-images.githubusercontent.com/114129453/204109488-9f29ea18-e4db-44ff-8edc-b63231a73c33.png|3 krátke zvuky
https://user-images.githubusercontent.com/114129453/204109487-3f874480-c1de-4dd3-8cb3-b840e7e17db4.png|1 dlhý a 1 krátky zvuk
https://user-images.githubusercontent.com/114129453/204109486-3d74524e-c415-4358-bce1-bf8a33912462.png|1 dlhý a 2 krátke zvuky
https://user-images.githubusercontent.com/114129453/204109957-0608ff4a-1476-4e15-8888-4149410c402d.png|Zabrzdite - Denný znak (Zopnutie rúk nad hlavou) a Nočný znak (Niekoľkokrát opakované písmeno D ručným lampášom s bielym svetlom)
https://user-images.githubusercontent.com/114129453/204109967-c0b2a986-fde3-4372-b8d4-0251da3144b0.png|Odbrzdite - Denný znak (Opakované polkruhové pohyby ruky nad hlavou) a Nočný znak (Opakované polkruhové pohyby ručným lampášom s bielym svetlom nad hlavou)
https://user-images.githubusercontent.com/114129453/204109966-5711b11b-3803-49f2-bdaa-5493d37f8b3f.png|Brzda v poriadku - Denný znak (Vzpaženie ruky zvislo nahor) a Nočný znak (Vzpaženie ruky s ručným lampášom s bielym svetlom zvislo nahor)
https://user-images.githubusercontent.com/114129453/204109965-896c3708-8e75-4899-bb8d-5de94890e085.png|Výzva na pohotovosť - Denný znak (Výpravca drží dennú výpravku vo vodorovnej polohe kolmo na koľaj, návestným znakom k zemi) a Nočný znak (Výpravca pohybuje vodorovne nočnou výpravkou so zeleným svetlom vo výške pliec) Zvuková návesť: 1 krátky a 1 dlhý zvuk
https://user-images.githubusercontent.com/114129453/204109964-f8f773dc-22d1-4c0f-8b2a-7ad003a88c64.png|Pohotoví na odchod - Denný znak (Krátke vodorovné pohyby vzpaženej ruky) a Nočný znak (Krátke vodorovné pohyby ručným lampášom s bielym svetlom vzpaženej ruky)
https://user-images.githubusercontent.com/114129453/204109963-93572ab0-221b-44ca-a2ba-59a75a178585.png|Súhlas na odchod - Denný znak (Opakovaným opisovaním písmena T rukou) a Nočný znak (Opakovaným opisovaním písmena T ručným lampášom s bielym svetlom)
https://user-images.githubusercontent.com/114129453/204109962-99fc002f-27f4-4f68-b6f6-ecc822805beb.png|Odchod - Denný znak (Výpravca pohybuje zvislo dennou výpravkou obrátenou návestným znakom smerom k vedúcemu HKV) a Nočný znak (Výpravca pohybuje zvislo nočnou výpravkou svietiacou zeleným svetlom smerom k vedúcemu HKV)
https://user-images.githubusercontent.com/114129453/204109961-54738ff8-9bc7-4a1a-bfc9-bafdc54c5403.png|Choďte na sériové spojenie (Modrá štvorcová tabuľka s bielym písmenom S, postavená na vrchole)
https://user-images.githubusercontent.com/114129453/204109960-e56c12e9-89df-4a9a-afe4-e00ce2f6c4d5.png|Očakávajte výstražný terč (Oválny terčík s čiernym obrazom kopáča v bielom poli nad zeleným lichobežníkom)
https://user-images.githubusercontent.com/114129453/204109959-fcb4661c-9c08-4af5-a435-5e6b3d0f5562.png|Posun za námedzník (Biela štvorcová na vrchole postavená tabuľka s dvoma čiernymi kruhmi)
https://user-images.githubusercontent.com/114129453/204109958-c23371d2-09c7-4df6-a94f-b3aff4cdcaf3.png|Moţno prechodiť (Úzka obdĺžniková tabuľka s čiernou šípkou v bielom poli vo vodorovnej polohe)
https://user-images.githubusercontent.com/114129453/204110162-83d323d5-686c-4f8c-9101-2e89d943f83c.png|Lichobežníková tabuľka (Biela doska lichobežníkového tvaru s čiernym orámovaním postavená na dlhšej základni a s bielymi odrazkami v rohoch, umiestnená na stĺpiku, stĺpik má šikmé čierne a biele pásy - v dopravniach so samovratmi doplnená o žlté svetlo)
https://user-images.githubusercontent.com/114129453/204110161-39bbf631-85b0-4d1f-92e0-2e0d578ee23a.png|Tabuľka s krížom (Žltá šesťuholníková doska s čiernym orámovaním a bielym okrajom a na nej čierny ležatý kríž, v uhloch kríža žlté odrazky, stĺpik má šikmé čierne a biele pásy)
https://user-images.githubusercontent.com/114129453/204110159-4a09c64b-627d-4a71-86ec-95505774c41d.png|Tabuľa pred zastávkou (Ležatá biela obdĺžniková doska s troma šikmými čiernymi pásmi)
https://user-images.githubusercontent.com/114129453/204110169-5c2e132e-969a-49f6-8db7-3d0d2cc8ffe8.png|Koniec nástupišťa (Biela obdĺžniková tabuľka s čiernym obdĺžnikovým rámom vo vnútri)
https://user-images.githubusercontent.com/114129453/204110168-c8ce79eb-1625-4c9f-baac-7d19dacb78f1.png|Začiatok práce postrku (Biela, čierno orámovaná štvorcová doska s čiernym šípom smerujúcim nahor)
https://user-images.githubusercontent.com/114129453/204110167-ed7a1624-a5f5-4ee6-a260-19bd50b5f7a0.png|Koniec práce postrku (Biela, čierno orámovaná štvorcová doska s čiernym šípom smerujúcim dole)
https://user-images.githubusercontent.com/114129453/204110166-823aa562-e2e0-41d0-a47c-7e7d5977beb2.png|Koniec jazdy nepriveseného postrku (Biela, čierno orámovaná štvorcová doska s dvoma čiernymi šípmi smerujúcimi dolu)
https://user-images.githubusercontent.com/114129453/204110165-445f5a89-778a-4973-bf22-ce691891bf19.png|Zastavte prácu pluhu (Štvorec s uhlopriečkami zostavený z latiek stojaci na vrchole, návestidlo má čierne a biele pásy)
https://user-images.githubusercontent.com/114129453/204110164-359063ec-75dc-4518-a8eb-d721d2bdd01b.png|Začnite prácu pluhu (Trojuholník zostavený z latiek pripevnený na stĺpiku vrcholom dole, návestidlo má čierne a biele pásy)
https://user-images.githubusercontent.com/114129453/204110163-de1e6c90-e28f-4306-ba34-1e6333c108cc.png|Vypnite čistiaci prítlak brzdových klátikov (Šedý stĺpik s čiernou hlavicou, pod ktorou je vodorovný biely a čierny pás)
https://user-images.githubusercontent.com/114129453/204110395-eef571e3-9612-49b1-95e5-dae2b4308525.png|Zapnite čistiaci prítlak brzdových klátikov (Šedý stĺpik s čiernou hlavicou, pod ktorou je vodorovný žltý pás)
https://user-images.githubusercontent.com/114129453/204110399-4d2cb61c-74a3-4070-8f87-5586dd652580.png|Skupina dlhého a dvoch krátkych zvukov, opakovaná najmenej počas jednej minúty
https://user-images.githubusercontent.com/114129453/204110417-12c73f3b-5b51-4d24-bb52-64a0318a256c.png|Skupina dlhého a troch krátkych zvukov, opakovaná najmenej počas jednej minúty
https://user-images.githubusercontent.com/114129453/204110461-d8917b19-1397-4381-a40f-9ffb0d4cb49d.png|Pripravte sa na vypnutie prúdu (Modrá štvorcová doska čierno orámovaná s bielym okrajom postavená na vrchole; Dva zvislé pásy v uhlopriečke návestnej dosky)
https://user-images.githubusercontent.com/114129453/204110460-ede3d5bc-99f3-4d79-a3ea-2b03fd9698bc.png|Vypnite prúd (Modrá štvorcová doska čierno orámovaná s bielym okrajom postavená na vrchole; Prerušené písmeno U)
https://user-images.githubusercontent.com/114129453/204110458-22112f4b-50c6-4940-baf4-81eb4c14a096.png|Zapnite prúd (Modrá štvorcová doska čierno orámovaná s bielym okrajom postavená na vrchole; Písmeno U)
https://user-images.githubusercontent.com/114129453/204110463-9bc83dd8-057a-4454-9b0b-c03b712aa512.png|Pripravte sa na stiahnutie zberača (Modrá štvorcová doska čierno orámovaná s bielym okrajom postavená na vrchole; Dva krátke vodorovné pásy, ľavý v spodnej, pravý v hornej časti návestnej dosky)
https://user-images.githubusercontent.com/114129453/204110462-691b5a0d-c1f6-4f99-a7c5-3b23b92161e3.png|Stiahnite zberač (Modrá štvorcová doska čierno orámovaná s bielym okrajom postavená na vrchole; Vodorovný pás v uhlopriečke návestnej dosky)
https://user-images.githubusercontent.com/114129453/204110464-a7fcc96f-f61a-4f1d-9fa3-1a4e596a748d.png|Zdvihnite zberač (Modrá štvorcová doska čierno orámovaná s bielym okrajom postavená na vrchole; Zvislý pás v uhlopriečke návestnej dosky)
https://user-images.githubusercontent.com/114129453/204110647-5b7c7e9c-6f1a-4bde-9c2d-99b7705dada0.png|Koľaj bez trakčného vedenia - Bez trakčného vedenia sú ďalej všetky koľaje (Modrá štvorcová doska čierno orámovaná s bielym okrajom postavená na vrchole; Štvorec postavený na vrchole, biely stred)
https://user-images.githubusercontent.com/114129453/204110650-fc04bd3a-3d37-4826-95c2-d7db5aeaf88b.png|Koľaj bez trakčného vedenia - Bez trakčného vedenia je koľaj pokračujúca v priamom smere (Modrá štvorcová doska čierno orámovaná s bielym okrajom postavená na vrchole; Hrot šípu nahor, biely stred)
https://user-images.githubusercontent.com/114129453/204110649-75f5e863-0dbf-4dee-a16e-3a73ec6cf316.png|Koľaj bez trakčného vedenia - Bez trakčného vedenia je koľaj odbočujúca vpravo (Modrá štvorcová doska čierno orámovaná s bielym okrajom postavená na vrchole; Hrot šípu vpravo, biely stred)
https://user-images.githubusercontent.com/114129453/204110648-4cae8d98-043a-4cf0-824e-d0eeaaa3a068.png|Koľaj bez trakčného vedenia - Bez trakčného vedenia je koľaj odbočujúca vľavo (Modrá štvorcová doska čierno orámovaná s bielym okrajom postavená na vrchole; Hrot šípu vľavo, biely stred)
https://user-images.githubusercontent.com/114129453/204110860-b18dcb67-b708-4336-90ce-0269a7a36f1a.png|Začiatok a Koniec jednosmernej trakčnej prúdovej sústavy (Modrá štvorcová doska čierno orámovaná s bielym okrajom postavená na vrchole; Dva vodorovné biele pásy / šikmou červenou čiarou prečiarknuté)
https://user-images.githubusercontent.com/114129453/204110863-1c56dfb2-728d-4ffa-8522-368d12116d7e.png|Začiatok a Koniec jednofázovej trakčnej prúdovej sústavy  s napätím 25 kV, 50 Hz (Modrá štvorcová doska čierno orámovaná s bielym okrajom postavená na vrchole; Biela sínusoida / šikmou červenou čiarou prečiarknutá)
https://user-images.githubusercontent.com/114129453/204110864-45f15f21-4ab8-44c5-ae92-3725befe221c.png|Začiatok a Koniec jednofázovej trakčnej prúdovej sústavy s napätím 15 kV, 16,7 Hz (Modrá štvorcová doska čierno orámovaná s bielym okrajom postavená na vrchole; Biela sínusoida a nad ňou biela číslica 15 / šikmou červenou čiarou prečiarknutá)
https://user-images.githubusercontent.com/114129453/204110868-ce29faf6-b522-482b-8947-4a051acdb84a.png|Vozidlá sú pripojené k elektrickému predkurovaciemu zariadeniu (Modrá štvorcová doska čierno orámovaná s bielym okrajom postavená na vrchole; Biely blesk smerujúci dolu symetricky umiestnený k zvislej uhlopriečke návestnej dosky)
https://user-images.githubusercontent.com/114129453/204110861-72b8d222-1f96-4c25-b2a6-06c684143ba0.png|Rekuperácia dovolená a zakázaná
https://user-images.githubusercontent.com/114129453/204110862-0fe38985-c852-4261-bb36-9d07f75ae61a.png|Začiatok a Koniec zníženej výšky trolejového drôtu - Začiatok (Oranžová štvorcová, čierno orámovaná doska s bielym okrajom postavená na vrchole, na nej čierny blesk smerujúci dole a jedna odrazka nad ním, pod doskou biela obdĺžniková tabuľka s čiernou číslicou udávajúcou skutočnú výšku trolejového drôtu na najnižšom mieste) a Koniec (Biela štvorcová, čierno orámovaná doska s bielym okrajom postavená na vrchole)
https://user-images.githubusercontent.com/114129453/204111108-f73fae98-c4c0-4123-82a4-cc4f67ab907c.png|Pískajte - výstražný kolík s celodennou platnosťou (Kolík so striedavo červenými a bielymi pásmi rovnakej výšky z materiálu odrážajúceho svetlo alebo s bielymi odrazkami v červených pásoch) 
https://user-images.githubusercontent.com/114129453/204111107-d32ac844-4013-491e-8725-20ca62dea140.png|Pískajte - výstražný kolík s časovo vymedzenou platnosťou (Kolík so striedavo červenými a bielymi pásmi rovnakej výšky z materiálu odrážajúceho svetlo alebo s bielymi odrazkami v červených pásoch, na vrchole dodatková tabuľka s čiernym písmenom D v žltom poli)
https://user-images.githubusercontent.com/114129453/204111106-d45a5acb-94f1-48d9-bf38-d77666fba66a.png|Pracovné miesto, pískajte (Výstražný terč oválneho tvaru s čiernym obrazom kopáča v bielom poli nad zeleným lichobežníkom, terč sa umiestňuje na stĺpiku označenom vodorovnými červenými a bielymi pásmi. V červených pásoch sú biele odrazky. Za zníženej viditeľnosti sa návestný znak osvetľuje okrem návestidiel, ktorých návestný znak je celý zhotovený z materiálu odrážajúceho svetlo.)
https://user-images.githubusercontent.com/114129453/204111105-458928cc-5ab8-477c-89fa-38d2ad74420d.png|Zadná strana návestného štítu návesti, Pracovné miesto, pískajte (biela so šikmým čiernym pásom)
https://user-images.githubusercontent.com/114129453/204111104-f2d23af0-1e15-4ca7-ab08-b0fa14cd54e5.png|Stoj (Červené svetlo, pod ním modré svetlo)
https://user-images.githubusercontent.com/114129453/204111103-97e67265-372a-4484-9742-6f64acc7aaaf.png|Vložené návestidlo (Stožiare majú červené, modré a biele pásy rovnakej výšky, trpasličie vložené návestidlá majú na označovacom páse umiestnenom vedľa návestného štítu červené, modré a biele pásy rovnakej výšky.)
https://user-images.githubusercontent.com/114129453/204299923-59f214b8-84a6-43f2-a294-1ae686e0ac4c.png|Odchodové návestidlo dovoľuje jazdu (Prerušované biele svetlo)
https://user-images.githubusercontent.com/114129453/204111110-e89ebc4a-51cd-40c8-94da-82458d663efe.png|Koľajisko s vloženým návestidlom (Čierny výkričník na bielej tabuli čierno orámovanej)
https://user-images.githubusercontent.com/114129453/204111109-1e5f82b6-d920-4fd2-88fb-1ca5e8cd238b.png|Tabuľka pred priecestím (Biela tabuľka s čiernou číslicou vyznačuje kilometrickú polohu priecestia s priecestným abezpečovacím zariadením; Čierna tabuľka s bielou číslicou určuje počet priecestí za touto tabuľkou, ktoré sú kryté návestidlom alebo priecestníkom; Tabuľka je na stĺpiku so šikmými bielymi a čiernymi pásmi.)
https://user-images.githubusercontent.com/114129453/204111341-222bbf67-310d-4293-9c03-d1a0ca5ce600.png|Označenie vzdialenosti - Kilometrovníky označujú trať v celých kilometroch; Hektometrovníky označujú trať v kilometroch a v ich desatinách; Tabuľka označuje trať v kilometroch a metroch
https://user-images.githubusercontent.com/114129453/204111340-d8e876fc-9173-42cf-b33c-b1021d350780.png|Označenie miesta na trati zo sťaženým prístupom záchrannej služby
https://user-images.githubusercontent.com/114129453/204111338-847a1330-64ad-48c8-a9ff-cea4b0c40104.png|Prepnite rádiový kanál (Biela obdĺžniková tabuľka na nej čierny symbol telefónneho slúchadla, pod ním čierne číslo (písmeno a číslo) udávajúce rádiový kanál.)
https://user-images.githubusercontent.com/114129453/204111337-9f2f2c12-863c-49f5-8e08-f9a2515ff3a5.png|Označenie stanovišťa s telefónom (Čierne písmeno T v bielom štvorci (čierne orámovanie treba len pri umiestnení na svetlom objekte), značka T označuje miesto, kde je umiestnený telefón)
https://user-images.githubusercontent.com/114129453/204111336-39c07bb4-af54-4daf-9c71-744e36c89161.png|Označenie sklonových pomerov - Trať stúpa, Vodorovná trať, Trať klesá (Červené čísla udávajú pozdĺžny sklon trate v promile, čierne čísla dĺžku tohto úseku v metroch.)
https://user-images.githubusercontent.com/114129453/204111348-e5a99f63-ef4d-43bd-834a-07d7c97aacd7.png|Označenie miest so zákazom pieskovania - Pieskovanie zakázané a Koniec zákazu pieskovania
https://user-images.githubusercontent.com/114129453/204111347-2626b911-e934-42b0-a110-23e9f899595b.png|Začiatok úseku s ETCS-1(2) (Biela obdĺžniková tabuľka s nápisom ETCS-1(2) označuje miesto na trati, kde začína úsek so zariadením ETCS)
https://user-images.githubusercontent.com/114129453/204111346-e587286c-6c8f-49a0-aeb1-0d91cbe03e42.png|Koniec úseku s ETCS-1(2) (Biela obdĺžniková tabuľka na nej je nápis ETCS-1(2) prečiarknutý červeným šikmým pásom smerujúcim z ľavého dolného rohu do pravého horného rohu označuje miesto na trati, kde končí úsek so zariadením ETCS)
https://user-images.githubusercontent.com/114129453/204111345-3b29a3ac-cec4-41fb-b8c5-0dfd86e30894.png|Označenie úseku, v ktorom je potrebné obmedziť výkon HKV - Začiatok a Koniec úseku s obmedzením výkonu HKV
https://user-images.githubusercontent.com/114129453/204111342-d13c1d75-50eb-4846-bb63-babc766c5137.png|vlastná hmotnosť/max. brzdiaca hmotnosť ručnej brzdy
https://user-images.githubusercontent.com/114129453/204111343-c9439335-a55e-4f93-8a33-db0a81a78f17.png|vlastná hmotnosť/max. brzdiaca hmotnosť zaisťovacej brzdy obsluhovanej zo zeme
https://user-images.githubusercontent.com/114129453/204111344-e41c69f9-2e42-47f9-9765-1f83294d86c7.png|Vozeň je vybavený ručnou brzdou. Značka je umiestnená v blízkosti dverí, pri ktorých je umiestnené koleso (kľuka) ručnej brzdy. Vedľa tejto značky je vyznačená brzdiaca hmotnosť
https://user-images.githubusercontent.com/114129453/204111571-2555ce55-8c6e-4712-b7ff-3063f16e9be0.png|Zriaďovacie návestidlá
https://user-images.githubusercontent.com/114129453/204111572-c8963b65-31e2-4caa-a54d-e80c05118c64.png|Predzvesti hlavných návestidiel a Opakovacie predzvesti
https://user-images.githubusercontent.com/114129453/204111573-bb7b25be-c413-4bb2-8cf9-d50eedfd3c86.png|VIožené návestidlá
https://user-images.githubusercontent.com/114129453/204111574-ee8d9d3b-fce9-45a1-8714-c5c2dd559172.png|Krycie návestidlá
https://user-images.githubusercontent.com/114129453/204111576-045d9f8b-b1dd-40e4-9421-1bb0258c3d9e.png|Oddielové návestidlá automatického bloku
https://user-images.githubusercontent.com/114129453/204111577-8519b18d-fdf3-47c7-a891-03b14abbec55.png|Oddielové návestidlá na hlásniciach a na hradlách
https://user-images.githubusercontent.com/114129453/204111579-ed11f2f6-8937-4ac3-8e0a-b056e241a6cd.png|Cestové návestidlá
https://user-images.githubusercontent.com/114129453/204111580-f45bc484-c771-4231-898a-3bf655b1c441.png|Odchodové návestidlá skupinové 
https://user-images.githubusercontent.com/114129453/204111581-b4823809-6f3f-4bb5-8d83-5aa913c28960.png|Odchodové návestidlá
https://user-images.githubusercontent.com/114129453/204111582-1d4db721-715b-4124-a11e-6497a87b78aa.png|Vchodové návestidlá v odbočných staniciach
https://user-images.githubusercontent.com/114129453/204111583-973d2531-704f-4777-9773-3d27eaf5a70b.png|Priecestníky na viackoľajných tratiach
https://user-images.githubusercontent.com/114129453/204111584-80f4a595-f425-40bc-b2d9-bff5dae14745.png|Priecestníky na jednokoľajnej trati
https://user-images.githubusercontent.com/114129453/204111585-8ac6e4ea-e7cf-440b-9a51-0b4f9a1e574b.png|Vyčkávacie návestidlá
https://user-images.githubusercontent.com/114129453/204111586-0d9e7e01-469f-42cd-bb8c-e56aabe2fb13.png|Opakovacie spádoviskové návestidlá
https://user-images.githubusercontent.com/114129453/204111587-e96276e9-ba3e-427d-aebc-b95b553ecf84.png|Spádoviskové návestidlá
https://user-images.githubusercontent.com/114129453/204111588-e7efdd6a-32bf-4b7e-9b39-b405396a0149.png|Opakovacie zriaďovacie návestidlá