Je povinnosťou zamestnancov zúčastnených na dopravných činnostiach sa vzájomne informovať o mimoriadnostiach, ktoré môžu mať vplyv na bezpečnosť a plynulosť železničnej prevádzky?|áno, je to ich základnou povinnosťou|nie|áno, ale táto povinnosť platí len pre zamestnancov ŽSR
*Ktoré skutočnosti sú zapracované v Prevádzkovom poriadku dopravne s koľajovým rozvetvením? (Z1 čl.0008)|technologické postupy činností pri prevádzkovaní dráhy a prevádzkovaní dopravy na dráhe|technologické postupy dopravcov|vlečkové zmluvy
Hovory a zápisy týkajúce sa dopravných činností musia byť dokumentované. Kto stanoví rušňovodičovi miesto a spôsob zapisovania týchto údajov?|dopravca|dopravný pracovník|oprávnený zamestnanec riadiaci dopravu na dráhe
*Akú povinnosť má zamestnanec neznalý miestnych pomerov, ak má vykonávať v stanici mimoriadny posun? (Z1 čl.0013)|upozorniť (požiadať) výpravcu, aby ho oboznámil s miestnymi pomermi|požiadať vhodného zamestnanca (iného vedúceho posunu), aby ho oboznámil s miestnymi pomermi|preštudovať prevádzkový poriadok príslušnej stanice a svojim podpisom potvrdiť znalosť miestnych pomerov
Akým zariadením musí byť zabezpečené oznamovanie služobných rozkazov, pokynov a správ zamestnancom vykonávajúcim pracovnú činnosť pri prevádzkovaní dráhy, alebo dopravy na dráhe?|vhodným telekomunikačným zariadením|telefónnou ústredňou so spojovateľkou|návestnou trúbkou
Pokiaľ sa pomocou spojenia rádiového zariadenia, staničného rozhlasu, faxu alebo e-mailu dávajú rozkazy, hlásenia pokyny a správy, pre ktoré je týmto predpisom stanovené záväzné slovné znenie:|musi sa pri ich odovzdávaní poúživať toto znenie, rovnako ako pri telefónnom styku|pri ich odovzdávaní sa nepoužíva zenie ako pri telefónnom styku|postup je určený rádiotelefónnym poriadkom
*Ak je nariadené dať rozkaz priamo, môže sa tak stať: (Z1 čl.0017)|telefonicky, rádiotelefonicky, rozhlasom alebo zabezpečovacím zariadením, ale bez sprostredkovateľa|len osobne, ústne alebo písomne|len písomne alebo telefonicky, rádiotelefonicky pokiaľ je zabezpečené archívovanie záznamu
*Ak je nariadené dať rozkaz osobne, musí sa tak stať: (Z1 čl.0017)|pri osobnom styku zúčastnených zamestnancov|len osobne, ústne alebo písomne|len písomne alebo telefonicky, rádiotelefonicky pokiaľ je zabezpečené archívovanie záznamu
*Môže výpravca vyrozumieť rušňovodiča dostupným spojením (telefónom, rádiotelefónom), ak je nariadené vyrozumieť rušňovodiča písomne? (Z1 čl.0018)|áno, pokiaľ je zabezpečené archivovanie záznamu|áno, len pri jednosmernom spojení|nie, musí byť spísaný písomný rozkaz
Uposlúchnuť rozkazy výpravcu týkajúce sa výkonu dopravných činnosti musia:|dopravní zamestnanci, vlakový personál, ako aj ostatní zamestnanci pracujúci v stanici alebo v priľahlom medzistaničnom úseku|len zamestnanci ŽSR|dopravní zamestnanci, okrem zamestnancov dopravcov
*Zamestnanci prevádzkovateľa dráhy oprávnení dávať iným osobám pokyny súvisiace s prevádzkovaním dráhy alebo dopravy na dráhe sú označení identifikačným štítkom: (Z1 čl.0019)|bielej farby|žltej farby|sivej farby
Miesta na šírej trati, kde nie je zachovaný postranný voľný priestor priechodného prierezu tak, že je nebezpečné vychyľovať sa z vozidiel alebo zdržiavať sa vedľa koľaje musia byť uvedené v:|Tabuľkách traťových pomerov|Zošitovom cestovnom poriadku|Prevádzkovom poriadku
Koľaje v stanici sa označia:|číslom, prípadne sa číslo doplní písmenom alebo názvom koľaje|písmenom, prípadne sa písmeno doplní číslom alebo názvom koľaje|názvom, prípadne sa názov doplní písmenom alebo číslom koľaje
Hlavná koľaj v stanici(nákladisku) na jednokoľajnej trati sa označí číslom 1, na dvojkoľajnej trati sa hlavné staničné koľaje označujú ako traťové koľaje. Ostatné koľaje v stanici sa spravidla označujú postupne od hlavných staničných koľají a to:|vľavo nepárnymi číslami a vpravo párnymi číslami v smere od začiatku ku koncu trate|vpravo nepárnymi číslami a vľavo párnymi číslami v smere od začiatku ku koncu trate|vľavo nepárnymi číslami a vpravo párnymi číslami v smere od konca k začiatku trate
Smie zamestnanec, ktorý sa riadi návesťami, pre správne vnímanie návestí používať ochranné okuliare proti oslneniu?|nesmie používať nevhodné ochranné okuliare|áno, len ak ich má predpísané|nie, nesmú sa vôbec používať
*Ako sa musia dávať ručné návesti za zníženej viditeľnosti? (Z1 čl.0041)|svetelnou návesťou alebo sa návestná tabuľa ručnej návesti musí osvetliť|dennou návesťou používanou za zníženej viditeľnosti|dennou návesťou ale zamestnanci sa musia rozmiestniť na kratšiu vzdialenosť medzi sebou, aby bola návesť viditeľná
*Do kedy sa rušňovodičovi vedúceho HKV musia dávať ručné návesti? (Z1 čl.0042)|dovtedy, kým rušňovodič nekoná v súlade s ich významom alebo vedúce HKV neprejde okolo stanovišťa, z ktorého sa návesť dáva|nedá jednoznačne najavo, že návesť videl a návesti porozumel|návesťou "Povolte brzdy úplne" nepotvrdí prevzatie návesti
Ktorú návesť musí poznať každý zamestnanec zúčastnený na prevádzkovaní dráhy alebo prevádzkovaní dopravy na dráhe a túto je povinný dať vždy, keď je ohrozená bezpečnosť dopravy alebo ľudské životy?|návesť 50, Stoj, zastavte všetkými prostriedkami|návesť 104, Pozor|návesť 106, Zabrzdite úplne
*Ak je návestidlo zhasnuté, návesť nezreteľná alebo pochybná, alebo ak sú zároveň dávané návesti rozporné: (Z1 čl.0044)|musí sa zamestnanec riadiť tou návesťou, ktorá je najzávažnejšia|zamestnanec postupuje podľa najlepšieho vedomia a svedomia|musí sa vlak alebo posunujúci diel zastaviť, ak sa do 5 minút neobjaví na návestidle jednoznačná návesť, môže pokračovať v jazde za podmienok daných pre jazdu podľa rozhľadu
*Ak na mechanickom hlavnom návestidle sú dávané rozporné návesti denná návesť "Voľno" (rameno šikmo hore) a nočná návesť Stoj (svieti červené svetlo): (Z1 čl.0044)|rušňovodič sa musí riadiť tou návesťou, ktorá je najzávažnejšia|ak je denný znak úplne nepochybný, platí denný znak|rušňovodič musí zastaviť,ak sa do 5 minút neobjaví na návestidle jednoznačná návesť, môže pokračovať v jazde za podmienok daných pre jazdu podľa rozhľadu
*Ak je návestidlo zhasnuté, návesť nezreteľná alebo pochybná, alebo ak sú zároveň dávané návesti rozporné, musí sa zamestnanec riadiť tou návesťou, ktorá je najzávažnejšia. Ktorou z uvedených návestí sa bude riadiť, ak pôjde o vchodové návestidlo? (Z1 čl.0044)|"Stoj"|"Výstraha"|"Posun zakázaný"
*Kde sa môže pri hroziacom nebezpečenstve dať a vyskytnúť návesť 50, Stoj, zastavte všetkými prostriedkami? (Z1 čl.0045)|kdekoľvek|len na pravej strane v smere jazdy vlaku|na strane určenej pre návestný styk
*Kde sa umiestňujú návestidlá (predzvesti) na koľajach vybavených traťovým zabezpečovacím zariadením pre obojsmernú prevádzku? (Z1 čl.0045)|na vonkajšej strane koľaje samostatne pre každý smer jazdy|pre smer od začiatku trate priamo vpravo od koľaje pre ktorú platia, prípadne nad koľajou|medzi traťovými koľajami na spoločnom stožiari pre oba smery, prípadne nad koľajou
*Kde musia byť dávané a očakávané návestí? (Z1 čl.0045)|na strane určenej pre návestný styk s prihliadnutím na znalosti miestnych pomerov, prípadne na znalosti trate|na pravej strane v smere jazdy tak, aby rušňovodič mohol ihneď reagovať na dávané návesti|na strane, na ktorej to nariadi výpravca
*Ako sa označia návestidlá, ktoré neplatia? (Z1 čl.0046)|krížom neplatnosti vo svetelnom vyhotovení alebo dvoma skríženými latkami bielej farby, alebo sa celý návestný štít vhodne zakryje|krížom neplatnosti vo svetelnom vyhotovení alebo dvoma skríženými latkami červenej farby, alebo sa návestný štít otočí smerom od koľajiska|upozorňovadlom na neplatné návestidlo(Na stožiari návestidla biela štvorcová doska s čiernym orámovaním. Na doske čierne písmeno "X")
Dopravná koľaj v priľahlom obvode výhybiek sa smie prechádzať rýchlosťou vyplývajúcou z návestného znaku príslušného hlavného návestidla, najviac však rýchlosťou:|traťovou|základnou|stanovenou
*Akou najvyššou rýchlosťou môže východiskový vlak prechádzať dopravnú koľaj od čela vlaku po odchodové (cestové) návestidlo, ak je na ňom návesť "Výstraha"(v dopravni s koľajovým rozvetvením s rýchlostnou návestnou sústavou svetelných návestidiel)? (Z1 čl.0048)|najvyššou dovolenou|stanovenou návestným znakom v dolnej časti návestného štítu odchodového(cestového) návestidla|40km/h (30km/h pokiaľ je v zošitovom cestovnom poriadku uvedený symbol (3>))
*Akou najvyššou rýchlosťou môže východiskový vlak, ktorý je vypravený výpravcom prechádzať dopravnú koľaj od čela vlaku po odchodové (cestové) návestidlo ak rušňovodič na návestidlo nevidí? (Z1 čl.0048)|40 km/h (30 km/h pokiaľ je v zošitovom cestovnom poriadku uvedený symbol (3>))|najvyššou dovolenou|stanoveou návestným znakom v dolnej časti návestného štítu odchodového(cestového) návestidla
*Stanice, výhybne, odbočky a niekedy aj vlečky, kryje návestidlo: (Z1 čl.0049)|vchodové|krycie|cestové
*Hlavné návestidlá sú: (Z1 čl.0049)|vchodové, oddielové, odchodové, krycie, cestové|vchodové, vložené, odchodové, cestové, oddielové|vchodové, odchodové, vložené, krycie, cestové
*Ktoré návestidlo nepatrí medzi hlavné návestidla? (Z1 čl.0049)|zriaďovacie návestidlo|krycie návestidlo|cestové návestidlo
*Predzvesť (hlavné návestidlo zlúčené s predzvesťou nasledujúceho návestidla): (Z1 čl.0049)|upozorňuje včas na návesť hlavného návestidla|zakazuje jazdu vozidla za návestidlo a vlaku zároveň dovoľuje najvyššiu rýchlosť jazdy|upozorňuje včas na návesť predzvesti nasledujúceho hlavného návestidla
*Aké označenie majú trpasličie hlavné návestidla, ktorých návesť "Stoj" platí pre vlaky aj pre posun? (Z1 čl.0050)|nemajú označovací pás|na označovacom páse su červené a biele pásy, pričom biele pásy majú približne polovičnú výšku pásov červených|na označovacom páse su červené a biele pásy rovnakej výšky
*Hlavné návestidlá, ktorých návesť Stoj, platí len pre vlaky a neplatí pre posun sú s výnimkou oddielových návestidiel automatického bloku označené na stožiari (označovacom páse): (Z1 čl.0050)|červenými a bielymi pásmi rovnakej výšky|červenými a bielými, pričom biele pásy majú približne polovičnú výšku pásov červených|na označovacom páse su červené a biele pásy rovnakej výšky|červenými a bielymi pruhmi rovnakej výšky
*Ako sú označené stožiare (označovacie pásy) oddielových návestidiel na trati s automatickým blokom? (Z1 čl.0050)|bielym pásom bez orámovania|červenými a bielymi pásmi rovnakej šírky|červenými a bielými, pričom biele pásy majú približne polovičnú výšku pásov červených
*Čo návestí samostatná svetelná predzvesť? (Z1 čl.0054)|návestí aká smie byť najvyššia rýchlosť pri nasledujúcom návestidle|či smie vlak ísť za návestidlo a akou rýchlosťou|rýchlosť pre obvod výhubiek priľahlý k hlavnému návestidlu
*Čo návestí hlavné návestidlo v stanici s rýchlostnou návestnou sústavou? (Z1 čl.0054)|návestí rýchlosť pre obvod výhybiek priľahlý k hlavnému návestidlu|návestí rýchlosť ktorá musí byť dodržaná v celom medzistaničnom úseku|návestí rýchlosť ktorá musí byť dodržaná v obvode stanice a prvom priľahlom traťovom úseku
*V Zošitovom cestovnom poriadku je vedľa stanice značka "P". Akou rýchlosťou môže 
odchádzať vlak z takejto stanice, ak odchádza z ktorejkoľvek koľaje iným ako priamym 
smerom? (Z1 čl.0055)|rýchlosťou najviac 40 km/h|rýchlosťou najviac 30 km/h|rýchlosťou podľa návestného znaku hlavného návestidla
*Ako sa označia stanice s nezávislými návestidlami v tabelárnom cestovnom poriadku? (Z1 čl.0056)|v stĺpci 2 značkou "N"|v stĺpci 2 značkou "P"|v stĺpci 2 značkou "S"
*Ako sa označia stanice bez odchodových návestidiel v tabelárnom cestovnom poriadku? (Z1 čl.0056)|v stĺpci 2 značkou "B"|v stĺpci 2 značkou "N"|v stĺpci 2 značkou "S"
*Ako sa označia stanice so skupinovým odchodovým návestidlom v tabelárnom cestovnom poriadku? (Z1 čl.0056)|v stĺpci 2 značkou "S"|v stĺpci 2 značkou "B"|v stĺpci 2 značkou "P"
*Ako je návestené zníženie rýchlosti na 40 km/h v staniciach so svetelnými vchodovými návestidlami, nezávislými od výhybiek? (Z1 čl.0057)|predzvestníkom a rýchlostníkom|predzsvetným štítom a rýchlostníkom|predzvesťou a návestným znakom vchodového návestidla
*Ako rušňovodič upraví rýchlosť vlaku pri návesti "Výstraha"? (Z1 čl.0058)|tak aby pred nasledujúcim návestidlom, pri ktorom treba očakávať zákaz jazdy, bezpečne zastavil|tak aby pri následujúcom návestidle bola najviac rýchlosť 40 km/h|tak aby pri následujúcom návestidle bola najviac rýchlosť 40 km/h a očakáva návesť "Stoj"
*Čo predzvestí jedno rýchlo prerušované žlté svetlo na hlavnom návestidle? (Z1 čl.0058)|rýchlosť návestenú na nasledujúcom návestidle "Očakávajte rýchlosť 60 km/h"|návesť na následujúcom návestidle "Stoj", "Voľno", "Výstraha"|návesť na následujúcom návestidle "Stoj", "Voľno", "Výstraha", "Očakávajte rýchlosť 120 km/h"
*Čo predzvestí jedno pomaly prerušované žlté svetlo na hlavnom návestidle? (Z1 čl.0058)|rýchlosť návestenú na nasledujúcom návestidle "Očakávajte rýchlosť 40 km/h"|návesť na následujúcom návestidle "Stoj", "Voľno", "Výstraha"|návesť na následujúcom návestidle "Stoj", "Voľno", "Výstraha", "Očakávajte rýchlosť 120 km/h"
*Čo návestí samostatná opakovacia predzvesť? (Z1 čl.0066)|predzvestný znak zodpovedajúci návesti nasledujúceho hlavného návestidla doplnený bielym svetlom|návestný znak predchádzajúceho návestidla|akú návesť možno očakávať na následujúcej predzvesti
Ktoré z uvedených návestí vyjadruje "Biele svetlo a nad ním žlté svetlo"?|"Opakovanie návesti Výstraha"|"Posun dovolený a Výstraha"|"Posun dovolený a opakovanie návesti Výstraha"
*Na akú vzdialenosť môžu byť najviac predzvestené návesti hlavných návestidiel? (Z1 čl.0068)|dvojnásobok zábrzdnej vzdialenosti|zábrzdnú vzdialenosť|3500 m
*V ktorom dokumente sú uvedené zábrzdné vzdialenosti? (Z1 čl.0068)|v Tabuľkách traťových pomerov|v Zošitovom cestovnom poriadku|v Prevádzkovom poriadku
*Akou rýchlosťou smie ísť vlak okolo hlavného návestidla s návesťou "Výstraha "alebo s návesťou nariaďujúcou očakávať zníženie rýchlosti? (Z1 čl.0069)|rýchlosťou zodpovedajúcou návesti na tomto návestidle, najviac však rýchlosťou 140 km/h|rýchlosťou zodpovedajúcou návesti na tomto návestidle, najviac však rýchlosťou 120 km/h|rýchlosťou zodpovedajúcou návesti na tomto návestidle, najviac však rýchlosťou 160 km/h
*Ako návestia mechanické návestidlá denné návesti? (Z1 čl.0074)|tvarom a polohou svojich návestných ramien|náterom stožiara hlavného návestidla|jedným alebo dvoma svetlami pod sebou
*Návesť "Stoj" na mechanickom návestidle (jedno rameno vpravo vodorovne): (Z1 čl.0075)|zakazuje jazdu vlaku za návestidlo|dovoľuje vchod vlaku do stanice|zakazuje jazdu vlaku k návestidlu
*Ako je návestená návesť "Výstraha" na trojramennom mechanickom návestidle? (Z1 čl.0077)|jedno rameno vpravo šikmo nahor v uhle 45° a pod ním žlté rameno vodorovne|dve ramená vpravo šikmo nahor v uhle 45° a pod ním žlté rameno vodorovne|jedno rameno vpravo vodorovne
*Kedy sa nemusí osvetľovať Mechanická predzvesť? (Z1 čl.0082)|ak je žltý terč a nočný znak zhotovený z materiálu odrážajúceho svetlo|ak je dostatočne osvetlená iným zdrojom svetla|ak je mechanická predzvesť (žltý terč) umiestnená dočasne
*Ako je vyjadrená Nočná návesť 36, Výstraha na mechanickej predzvesti? (Z1 čl.0083)|žltým svetlom alebo žltým terčom z materiálu odrážajúceho svetlo|červeným terčom vo zvislej polohe|žltým terčom vo vodorovnej polohe
*Ako rušňovodič upraví rýchlosť pri mechanickej predzvesti, ktorá návestí návesť 36, Výstraha (terč vo zvislej polohe, žlté svetlo)? (Z1 čl.0084)|tak, aby mohol zastaviť pred nasledujúcim návestidlom zakazujúcim jazdu|tak aby od tejto návesti bola najviac rýchlosť 40 km/h a mohol zastaviť pred následujúcim návestidlom zakazujúcim jazdu|tak aby od tejto návesti  bola najviac rýchlosť 40 km/h a očakáva zníženú rýchlosť aj na následujúcom hlavnom návestidle
Ak na svetelnom hlavnom návestidle pre poruchu nesvieti červené svetlo: (Z1 čl.0095)|kryje sa návesťou 51a, "Stoj", pripevnenou na stožiari návestidla alebo umiestnenou priamo pred návestidlom|na návestidlo sa upvení znak neplatnosti - dve bielo natreté skrížené latky|kryje sa návesťou "Výstraha"
*Aké opatrenie sa musí vykonať, ak je vyvrátené hlavné návestidlo (okrem oddielového návestidla automatického bloku a automatického hradla)? (Z1 čl.0098)|umiestni sa bezodkladne na jeho mieste návesť "Stoj", ktorá môže byť doplnená privolávacím návestidlom. O tejto mimoriadnosti musí byť rušňovodič vyrozumený písomným rozkazom|nenahradzuje sa, vlak sa vyrozumie v susednej stanici rozkazom "Op"|nahradí sa červenou doskou t.zn. návesťou "Stoj", doplnenou návesťou "Opatrne na privolávaciu návesť". Rušnovodič sa vyrozumie v susednej stanici ústne
*Ako treba postupovať, ak je vyvrátené oddielové návestidlo automatického bloku alebo automatického hradla? (Z1 čl.0098)|nenahradzuje sa návesťou "Stoj"|nie je potrebné žiadne opatrenie|umiestni sa ihneď na jeho mieste návesť 51a, "Stoj", ktorá môže byť doplnená privolávacím návestidlom. O týcho mimoriadnostiach musí byť rušnovodič vyrozumený písomným rozkazom 
*Privolávacou návesťou sa dovoľuje jazda vlaku: (Z1 čl.0100)|popri návestidle, ktoré je v poruche alebo sa nedá obsluhovať|popri návestidle, ktoré sa nemusí obsluhovať|popri návestidle, ktoré návestí zákaz jazdy, za podmienky, že vlak pred ním zastavil
*Ako dlho dáva zamestnanec návesť 39, Opatrne na ručnú privolávaciu návesť? (Z1 čl.0102)|dokiaľ ho minie vedúce HKV (platí aj pre tlačené vlaky)|dokiaľ rušnovodič vedúceho HKV nepotvrdí prevzatie návesti|dokial si nie je istý, že rušnovodič vedúceho HKV návesť spozoroval
Pri použití privolávacej návesti na odchodovom návestidle bez predzvesti musí byť vlak prechodiaci po hlavnej koľaji písomne vyrozumený o najvyššej dovolenej rýchlosti:|40 km/h|50 km/h|30 km/h
Aký je postup pri použití privolávacieho návestidla na odchodovom návestidle bez predzvesti, ak sa jedná o vlak prechodiaci po hlavnej koľaji?|vlak sa musí písomne vyrozumieť o najvyššej dovolenej rýchlosti 40 km/h na odchodovom zhlaví|vchod vlaku sa dovolí návesťou 38, "Opatrne na privolávaciu návesť", alebo návesťou 39, "Opatrne na ručnú privolávaciu návesť"|predchod vlaku sa dovolí až po zastavení vlaku pri odchodovom návestidle
*Akou rýchlosťou môže ísť vlak za návestidlo, ak sa dovoľuje jazda vlaku písomným rozkazom alebo návesťou "Opatrne na privolávaciu návesť" v obvode výhybiek priľahlom k návestidlu? (Z1 čl.0108)|nesmie prekročiť rýchlosť 40 km/h|stanovenou rýchlosťou|najvyššou dovolenou rýchlosťou
*Akou rýchlosťou môže ísť vlak za návestidlo, ak sa dovoľuje jazda vlaku telefonicky alebo rádiovým zariadením a neprilieha k návestidlu žiadny obvod výhybiek?|najvyššou dovolenou rýchlosťou|nesmie prekročiť rýchlosť 40 km/h|stanovenou rýchlosťou
Rozhodný námedzník pre dávanie ručnej privolávacej návesti na odchodovej strane je:|pri ktorom končí (prípadne pri ktorom by končila) vlaková cesta|zadný námedzník odchodovej koľaje|predný námedzník odchodovej koľaje
*Kde sa dáva ručná privolávacia návesť, ak je návestidlo platné pre jednu koľaj umiestnené priamo vedľa koľaje vpravo? (Z1 čl.0109)|priamo pred návestidlom, popri ktorom sa vlaku dovoľuje ďalšia jazda|pri námedzníku príslušnej koľaje|v priestore čela vlaku až po námedzník príslušnej koľaje
*Kde sa dáva ručná privolávacia návesť, ak nestojí odchodové (cestové) návestidlo priamo vedľa odchodovej koľaje vpravo? (Z1 čl.0109)|na odchodovej strane pri námedzníku alebo pri hrote odvratnej výhybky - vpravo vedľa koľaje|v priestore od čela vlaku až po námedzník príslušnej koľaje|priamo pred návestidlom, popri ktorom sa vlaku dovoľuje ďalšia jazda
*Ako postupuje rušňovodič, ak stojí pred hlavným návestidlom (okrem oddielového návestidla automatického bloku) zakazujúcim jazdu dlhšie ako 5 minút? (Z1 čl.0113)|spojí sa s výpravcom prednej stanice alebo so zamestnancom obsluhujúcim príslušné návestidlo a dohodnú ďalší postup|pokračuje v jazde za podmienok stanovených pre jazdu vlaku podľa rozhľadu|vyčká pred návestidlom dokiaľ sa na návestidle neobjaví návesť dovoľujúca jazdu
Vlak zastaví pred hlavným návestidlom zakazujúcim jazdu. Kedy je povinný rušňovodič sa spojiť s výpravcom prednej stanice alebo so zamestnancom obsluhujúcim príslušné návestidlo a dohodnúť ďalší postup? (Z1 čl.0113)|ak vlak stojí dlhšie ako 5 minút pred hlavným návestidlom zakazujúcim jazdu|ak vlak stojí dlhšie ako 10 minút pred hlavným návestidlom zakazujúcim jazdu|ihneď po zastavení vlaku
*Ak zastaví vlak na návesť 51, Stoj (Červená obdĺžniková doska s bielym okrajom), a nie je možné zistiť príčinu prečo je návesť dávaná, rušňovodič s vlakom: (Z1 čl.0114)|nesmie pokračovať v ďalšej jazde, vyrozumie o tomto výpravcu a dohodne s ním ďalší postup|pokračuje v jazde za dodržania podmienok jazdy podľa rozhľadu, po zastavení vlaku v stanici o tomto vyrozumie výpravcu|pokračuje v jazde, rýchlosť 15 km/h nesmie prekročiť, po zastavení vlaku v stanici o tomto vyrozumie výpravcu
*Ak zastaví vlak na trati bez automatického bloku pred oddielovým návestidlom zakazujúcim jazdu a nie je možné dorozumenie ani s jednou zo susedných staníc, rušňovodič s vlakom: (Z1 čl.0116)|smie pokračovať v jazde najskôr 10 minút po zastavení pri oddielovom návestidle, za podmienok jazdy podľa rozhľadu až po ďalšie hlavné návestidlo|nesmie pokračovať v jazde|smie pokračovať v jazde najskôr 20 minút po zastavení pri oddielovom návestidle
*Ako riadi rušňovodič jazdu vlaku ak je oddielové návestidlo automatického bloku zhasnuté? (Z1 čl.0118)|podľa informácií vlakového zabezpečovača|pri takomto návestidle zastaví, po zastavení smie pokračovať v ďalšej jazde k následujúcemu návestidlu za dodržania podmienok jazdy podľa rozhľadu|rýchlosť jazdy zníži tak, aby od tohto návestidla mohol pokračovať v ďalšej jazde k nasledujúcemu návestidlu za dodržania podmienok jazdy podľa rozhľadu
*Predzvestné upozorňovadlo (na stožiari biela štvorcová doska s čiernym orámovaním, na nej čierny kruh s bielym medzikružím) upozorňuje na: (Z1 čl.0121)|predzvesť vchodového návestidla zlúčenú s oddielovým návestidlom automatického bloku|samostatnú predzvesť hlavného návestidla, ktoré nekryje obvod výhybiek|samostatnú predzvesť hlavného návestidla, ktoré kryje obvod výhybiek
*Predzvestné upozorňovadlo (biela tabuľa s čiernym orámovaním, na nej dva čierne šípy nad sebou s hrotmi obrátenými proti sebe) upozorňuje na: (Z1 čl.0121)|samostatnú predzvesť hlavného návestidla, ktoré kryje obvod výhybiek|samostatnú predzvesť hlavného návestidla, ktoré nekryje obvod výhybiek|predzvesť vchodového návestidla zlúčenú s oddielovým návestidlom automatického bloku
Predzvestné upozorňovadlo (biela tabuľa s čiernym orámovaním, na nej čierny stojací kríž) upozorňuje na: (Z1 čl.0121)|samostatnú predzvesť hlavného návestidla, ktoré nekryje obvod výhybiek|samostatnú predzvesť hlavného návestidla, ktoré kryje obvod výhybiek|predzvesť vchodového návestidla zlúčenú s oddielovým návestidlom automatického bloku
*Vzdialenostné upozorňovadlá návesť 41, Vlak sa blíži k predzvesti. (Stojaté biele obdĺžnikové dosky so štyrmi, tromi, dvomi a jedným čiernym pásom smerujúcim šikmo nahor) sa umiestňujú pred samostatnou predzvesťou hlavných návestidiel: (Z1 čl.0123)| ktoré kryjú obvod výhybiek|ktoré nekryjú obvod výhybiek|na trati s automatickým blokom
*Návestidlo s návesťou 42, Vlak sa blíži k hlavnému návestidlu sa umiestňuje pred hlavnými návestidlami: (Z1 čl.0126)|v traťových úsekoch s častými hmlami alebo tam, kde je hlavné návestidlo umiestnené na zmenšenú dohľadnosť|na banalizovaných tratiach, na koľajach pri jazde proti správnemu smeru|v traťových úsekoch s rýchlosťou vyššou ako 120 km/h
*Návesť 43, Upozorňovadlo na skupinové návestidlo, umiestnená na stožiari zriaďovacieho návestidlá upozorňuje, že návesť posun dovolený na takto označenom návestidle: (Z1 čl.0128)|nie je povolením na začatie posunu|je povolením na začatie posunu|je povolením na posun za označník
*Čo oznamuje rušňovodičovi Priecestník? (Z1 čl.0132)|stav priecestného zabezpečovacieho zariadenia|že sa blíži k nechránenému priecestiu|že sa blíži k priecestiu
*Biela číslica na štíte priecestníka a čierna číslica na upozorňovadle pred priecestníkom označuje: (Z1 čl.0132)|počet priecestí, ktorých stav priecestník návestí|stupeň zabezpečenia priecestného zabezpečovacieho zariadenia|rýchlosť, ktorou smie ísť rušňovodič od tohto návestidla k priľahlému priecestiu
*Návesť 45, Vlak sa blíži k priecestníku je: (Z1 čl.0133)|stojatá biela obdĺžníková tabuľa so zrezanými hornými rohmi, v dolnej časti stojatý čierny obdĺžnik s bielymi kruhmi, v hornej časti čierna číslica udávajúca počet priecestí krytých priecestníkom|obdĺžníková doska so zrezanými hornými rohmi a na nej svieti horné biele svetlo a spodné dve žlté svetlá doplnené bielou číslicou|čierna trojuholníková tabuľa s bielymi okrajmi postavená na vrchole, v strede tabule biela číslica
*Na návesť 46, Pohotovostný stav (na priecestníku svieti horné biele svetlo a spodné dve žlté svetlá), ak je priecestník v spodnej časti doplnený bielou číslicou 3 dráhové vozidlo smie ísť k priecestiam: (Z1 čl.0134)|najvyššou dovolenou rýchlosťou|rýchlosťou najviac 30 km/h|za podmienky jazdy, ako keď PZZ nedáva výstrahu užívateľom pozemnej komunikácie
*Ak na priecestníku nesvieti žiadne svetlo, koľajové vozidlo musí ísť k priecestiu: (Z1 čl.0135|ako keď je PZZ v poruche|najvyššou dovolenou rýchlosťou|rýchlosťou najviac 30 km/h
Návesť 47, Porucha PZZ prikazuje rušňovodičovi dráhového vozidla postupovať ako keď je PZZ v: |poruche|pohotovostnom stave|poruche a ísť k priecestiu rýchlosťou viac ako 30 km/h
Ak je hlavné návestidlo doplnené návesťou 48, Priecestné upozorňovadlo, a jazda vlaku je dovolená privolávacou návesťou, rušňovodič smie ísť k priecestiu, pre ktoré toto návestidlo návestí jeho stav:|tak, ako na návesť 47, Poruchový stav|za podmienok jazdy podľa rozhľadu|tak, ako návesť 46, Pohotovostný stav
*Na čo sa používajú Návesti na zákaz jazdy? (Z1 čl.0139)|na krytie vylúčených koľají, nezjazdných miest, označenie miesta, kde majú dráhové vozidlá zastaviť|prikázanie opatrnej jazdy na vylúčenej koľaji|nariadenie zníženia rýchlosti popri pracovnom mieste
*Čo tvorí Návesť 49, Stoj protiidúcim koľajovým vozidlám? (Z1 čl.0140)|jedno červené svetlo na HKV|dve červené svetlá|jedno červené a jedno biele svetlo
Ak počas jazdy vlaku (PMD) dôjde k náhlemu nepredpokladanému poklesu tlaku vzduchu v hlavnom potrubí, rušňovodič na prednom čele HKV rozsvieti:|jedno červené svetlo a ostatné svetlá zhasne|dve červené svetlá|jedno červené a jedno biele svetlo a ostatné zhasne
*Kedy dáva rušňovodič Návesť 49, Stoj protiidúcim dráhovým vozidlám? (Z1 čl.0141)|ak zistí, že by protiidúce koľajové vozidlá mohli byť ohrozené poruchou koľaje, trakčného vedenia a podobne|počas celej jazdy vlaku (PMD) proti správnemu smeru|počas jazdy vlaku na vylúčenej koľaji
*Kedy môže rušňovodič pokračovať v ďalšej jazde, ak zastavil na návesť 49, Stoj protiidúcim dráhovým vozidlám? (Z1 čl.0142)|až po zistení zjazdnosti vlastnej koľaje pohľadom alebo dopytom u rušňovodiča stojaceho vlaku alebo posunujúceho dielu|ihneď po zastavení a daní návesti "Pozor"|až zistí
(pochôdzkou), či vozidlá vlaku na susednej koľaji sú v poriadku
Aké opatrenia musí prijať rušňovodič, ak spozoruje návesť 49, Stoj protiidúcim dráhovým vozidlám (Z1 čl.0142)|je povinný vykonať opatrenia na zastavenie dráhových vozidiel|túto skutočnosť oznámi výpravcovi stanice z ktorej vlak ide|oznámi výpravcovi stanice do ktorej vlak ide, že zastavil na trati a vyžiada si ďalšie pokyny
Ako postupuje zamestnanec, ktorý dáva návesť 50, Stoj zastavte všetkými prostriedkami?|beží podľa možnosti v ústrety vozdilu, ktoré je nevyhnutné zastaviť|vystúpi z koľajiska a návesť dáva pri mieste, na ktorom je nevyhnutné vozidlo zaztaviť|odíde na vzdialenosť najmenej 50 m od miesta, kde je nevyhnutné vozidlo zastaviť
Ak kryje návesť 51a, Stoj, prekážku alebo nezjazdné miesto, umiestňuje sa:|50 m pred prekážkou alebo pred nezjazdným miestom|15 m pred prekážkou alebo pred nezjazdným miestom|na dopravných koľajach 50 m pred prekážkou alebo pred nezjazdným miestom, a na ostatných koľajach sa táto vzdialenosť môže skrátiť až na 15 m
Ak sa vlaku označuje miesto zastavenia návesťou 51, Stoj, musí byť táto návesť predzvestnená tak, aby vozidlo mohlo bezpečne zastaviť:|na určenom mieste|pred touto návesťou na vzdialenosť najmenej 50 m|pred touto návesťou na vzdialenosť najmenej 15m
Návesť 52, Výstraha upozorňuje rušňovodiča koľajového vozidla:|že následuje návesť Stoj|na poruchový stav hlavného návestidla|že pri nasledujúcom hlavnom návestidle musí rýchlosť znižovať
*Čo spĺňa podmienku predzvestenia, ak je potrebné vchádzajúcemu vlaku označiť miesto zastavenia návesťou 51 Stoj, na kratšiu ako zábrzdnú vzdialenosť alebo pred miestom pravidelného zastavenia? (Z1 čl.0146)|jazda vlaku na návesť 40 km/h a Výstraha|jazda vlaku na návesť 30 km/h a Výstraha|jazda vlaku na návesť 50 km/h a Výstraha
Rušňovodiča vyrozumie telekomunikačným zariadením výpravca stanice v ktorej bude označené miesto zastavenia. Vyrozumenie musí byť vykonané najneskôr do doby prechodu vedúceho koľajového vozidla okolo:|predzvesti vchodového návestidla|stavadla (stanovišťa) na vchodovom záhlaví|vchodového návestidla
*Vyrozumenie rušňovodiča písomným rozkazom o určenom mieste zastavenia nahradzuje označenie miesta zastavenia návesťou: (Z1 čl.0146)|51, Stoj|52, Výstraha|53, Námedzník
Návesť 53, Námedzník, označuje:|na zbiehajúcich sa alebo križujúcich sa koľajách hranicu, cez ktorú nesmie presahovať koľajové vozidlo, aby nebola ohrozená jazda po zbiehajúcej sa alebo križujúcej sa koľaji|miesto v stanici, pokiaľ sa najďalej smie posunovať|miesto, na ktorom nesmie zostať stáť vlak ani jeho časť, posunujúci diel alebo PMD
Zamestnanec, ktorý na šírej trati zistí, že koľaj je nezjazdná, ohlási prápad:|ihneď výpravcom oboch susedných staníc|svojmu bezprostredne nadriadenému|regionálnemu dispečerovi
Zamestnanec, ktorý v stanici zistí, že koľaj je nezjazdná, ohlási prípad:|ihneď výpravcovi|ihneď výpravcom oboch susedných staníc|prednostovi
Trvalé obmedzenie najvyššej traťovej rýchlosti na hlavných koľajách je uvedené v:|Tabuľkách traťových pomerov|Zošitovom cestovnom poriadku|Prevádzkovom poriadku
*Aká je dovolená najnižšia traťová rýchlosť? (Z1 čl.0159)|10 km/h|5 km/h|15 km/h
Je dovolená traťová rýchlosť 5 km/h? (Z1 čl.0159)|nie, traťová rýchlosť pod 10 km/h nie je dovolená|áno|áno, len na tratiach s traťovou rýchlosťou 60 km/h
*Čo oznamujú Rýchlostníky? (Z1 čl.0159)|trvalé obmedzenie traťovej rýchlosti na hlavných koľajach|prechodné obmedzenie traťovej rýchlosti na traťových koľajach|stanovené obmedzenie traťovej rýchlosti na ostatných koľajach
*Pre ktoré dráhové vozidlá platí Rýchlostník v tvare obdĺžnikovej dosky? (Z1 čl.0160)|všetky dráhové vozidlá|činné HKV patriace do skupiny "3" priečnych účinkov na koľaj|činné a nečinné HKV patriace do skupiny "3" priečnych účinkov na koľaj
*Rýchlostník oznamujúci trvalé obmedzenie najvyššej traťovej rýchlosti je: (Z1 čl.0161)|biela obdĺžniková doska alebo terč a na nich čierne číslice|biely na vrchole postavený trojuholník s čiernou číslicou|čierna obdĺžniková doska alebo terč a na nich biele číslice
*Na akú vzdialenosť je umiestnený rýchlostník od predzvestníka na tratiach s najvyššou traťovou rýchlosťou do 140 km/h? (Z1 čl.0164)|vzdialenosť 700 m|zábrzdnú vzdialenosť|vzidalenosť 1000m
*Môže byť rýchlostník združený s predzvestníkom nasledujúceho rýchlostníka? (Z1 čl.0165)|áno|nie|áno, ale len na jednokoľajných tratiach
*Aký ma tvar predzvestník, ktorý sa stavia pred rýchlostník v tvare obdĺžnikovej dosky? (Z1 čl.0166)|trojuholníka|obdĺžnikovej dosky|terča
Aký ma tvar predzvestník, ktorý sa stavia pred rýchlostník v tvare terča? (Z1 čl.0166)|terča|trojuholníka|obdĺžnikovej dosky
*Ako sa umiestňujú rýchlostníky, ak je potrebné v staniciach návestiť trvalé obmedzenie traťovej rýchlosti na vchodovom záhlaví? (Z1 čl.0166)|podľa miestnych pomerov najďalej vedľa krajnej výhybky|v úrovni vchodového návestidla|v priestore medzi vchodovým a predným námedzníkom
Rušňovodič sa o prechodne obmedzenej traťovej rýchlosti vyrozumie:|písomným rozkazom|ústne|rádiotelefónnym spojením
*Prechodne obmedzená traťová rýchlosť na dopravnej koľaji, ktorá nie je označená návestidlami pre prechodné obmedzenie traťovej rýchlosti platí pre: (Z1 čl.0168)|celú dĺžku dopravnej koľaje, prípadne pre celé zhlavie|úsek, ktorý sa musí oznámiť rušňovodičovi ústne, prípadne staničným rozhlasom|úsek od vchodového návestidla na vchodovej strane po vchodové návestidlo z opačnej strany
*Ako sa označuje prechodné obmedzenie traťovej rýchlosti na staničných koľajach? (Z1 čl.0168)|na hlavných staničných koľajach vždy, na ostatných dopravných koľajach iba vtedy, ak je po nich dovoľovaná jazda vlakov rýchlosťou vyššou ako 60 km/h|áno, len na hlavných staničných koľajach|áno, na všetkých staničných koľajach
*Ako sa vyjadrí na predzvestnom štíte prechodné obmedzenie traťovej rýchlosti 5 km/h? (Z1 čl.0169)|zlomkom (1/2)|číslom 5|číslom 0,5
*Žltá obdĺžniková tabuľa s bielym okrajom a čiernym písmenom Z postavená na výšku označuje miesto, kde začína obmedzenie rýchlosti určené: (Z1 čl.0170)|predzvestným štítom|predzvestníkom|rýchlostníkom
*Návesť 59, Koniec prechodného obmedzenia traťovej rýchlosti, označuje miesto, kde končí prechodné obmedzenie traťovej rýchlosti určené: (Z1 čl.0171)|predzvestným štítom|predzvestníkom|rýchlostníkom
*Predzvestný štít sa umiestňuje na zábrzdnú vzdialenosť pred: (Z1 čl.0172)|návesť 58, Začiatok prechodného obmedzenia traťovej rýchlosti|návesť 55, Rýchlostník|Návesť 59, Koniec prechodného obmedzenia traťovej rýchlosti(koniec pomalej jazdy)
*Ako sa postupuje, ak prechodné obmedzenie traťovej rýchlosti nie je označené? (Z1 čl.0174)|táto skutočnosť sa musí uviesť v písomnom rozkaze|rušňovodič sa o tejto skutočnosti nevyrozumieva|pokým nie je prechodné obmedzenie traťovej rýchlosti označené, nesmie sa dovoliť jazda vlakov
*Závažie samovratnej výhybky v základnej polohe je obrátené: (Z1 čl.0179)|žltou polovicou náteru ku koľaji a čiernou štvrtinou k zemi|čiernou polovicou náteru ku koľaji a žltou polovicou k zemi|bielou polovicou náteru ku koľaji a čiernou štvrtinou k zemi
*Výhybka je správne prestavená, ak: (Z1 čl.0180)|správne zaklesne západka výmenovej páky pri mechanicky prestavovaných výmenách, alebo ak sa objaví optická kontrola (clona, svetlo) pri výhybkách prestavovaných elektricky alebo pneumaticky|je prestavená na odvratnú koľaj|kontrolné pravítka splňajú technické podmienky a správne zaklesávajú
Výhybka je správne prestavená, ak: (Z1 čl.0180)|súhlasí návesť výhybkového návestidla s polohou výmeny|kontrolné pravítka splňajú technické podmienky a správne zaklesávajú|je prestavená na slepú koľaj
*Ak vozidlo, ktoré svojou jazdou násilne prestavilo (rozrezalo) výhybku nezapnutú na samovratnú činnosť: (Z1 čl.0184)|nemôže byť zastavené, pokiaľ úplne neprejde výhybku, iba ak je jeho ďalšia jazda nebezpečná|musí byť zastavené, aby neprešlo celú výhybku|musí byť zastavené a vrátene späť
*Akú návesť vyjadruje na jednoduchej výhybke "Biely šíp v čiernom poli; hrot šípu smeruje vľavo" na výhybkovom návestidle? (Z1 čl.0199)|Jazda proti hrotu vľavo|Jazda priamym smerom|Jazda priamym smerom sprava doľava
*Každý zamestnanec, ktorý násilné prestavenie výhybky zavinil alebo spozoroval je povinný to ihneď ohlásiť: (Z1 čl.0184)|výhybkárovi a výpravcovi|svojmu bezprostredne nadriadenému zamestnancovi|udržujúcemu zamestnancovi
*Čo návestia výhybkové návestidlá? (Z1 čl.0196)|smer jazdy, pre ktorý je výhybka prestavená|povolenie jazdy cez výhybku|základnú polohu výmeny alebo prestaviteľnej srdcovky
*Na ktorých výhybkách sa používa Návesť 61, Jazda priamym smerom (Stojatý biely obdĺžnik s čiernym okrajom, obrátený proti obom jazdným smerom)? (Z1 čl.0197)|na jednoduchých výhybkách pre jazdu proti hrotu aj po hrote priamym smerom|na uzávere koľají|na vyčkávacích návestidlách
*Ktorú z uvedených návestí na výhybkovom návestidle križovatkovej výhybky vyjadrujú "Dva biele obdĺžnikové šípy v čiernom poli (hroty k sebe) smerujúce z ľavého dolného rohu šikmo nahor"? (Z1 čl.0207)|Jazda priamym smerom zľava doprava|Jazda vľavo|Jazda vedľajším smerom sprava doľava
*Ako dávajú zamestnanci posunu ručné návesti pre posun za dňa? (Z1 čl.0212)|červenou zastávkou|rukou|žltou zastávkou
*Zamestnanec, ktorý posunujúci diel sprevádza, musí dávať ručné návesti: (Z1 čl.0212)|počas celého posunu|po dobu pokiaľ sa posunujúci diel neuvedie do pohybu|vždy na začiatku posunu a potom len ak je nutné predchádzajúcu návesť zmeniť
*Akú farbu má zástavka, ktorou dávajú za dňa výhybkári ručné návesti pre posun? (Z1 čl.0212)|žltú|červenú|modrú so žltým pruhom
*Ktorú z uvedených návestí pre posun vyjadrujú "Vodorovné dlhé pohyby zastávkou (v noci lampášom s bielym svetlom)" (Z1 čl.0214)|návesť 72, Priblížiť|návesť 112, Výzva na pohotovosť|návesť 71, Vzdialiť
*Na priecestí sa nesmie dávať návesť 72, Priblížiť. Ktorú z uvedených návestí možno použiť namiesto tejto návesti, aby ju neprevzali užívatelia pozemnej komunikácie? (Z1 čl.0215)|návesť 74, Popotiahnuť|návesť 71, Vzdialiť|návesť 73, Stlačiť
Pri dávaní návesti 71, Vzdialiť a 72, Priblížiť je smerodajné:|miesto, z ktorého zamestnanec dáva návesť|dĺžka posunujúceho dielu|počet zamestnancov určených na dávanie návesti
Návesť 73, Stlačiť pri posune nariaďuje:|stlačiť koľajové vozidlá tak, aby sa mohli spojiť alebo rozpojiť|pohyb vozidla smerom od zamestnanca, ktorý ju dáva|pohyb vozidla smerom k zamestnancovi, ktorý vykonáva skúšku brzdy
*Ručná návesť pre posun "Stlačiť " sa dáva: (Z1 čl.0217)|krátkymi vodorovnými pohybmi rukami k sebe a od seba, v jednej ruke drží zamestnanec zastávku (v noci lampáš s bielym svetlom)|vodorovnými dlhými pohybmi zastávkou (v noci lampáš s bielym svetlom)|zvislými dlhými pohybmi zástavkou(v noci lampáš s bielym svetlom)
*Ktorá ručná návesť pri posune sa vždy doplní zvukovou návesťou? (Z1 čl.0218)|"Popotiahnuť"|"Stlačiť"|"Odraz"
*Návesť 74, Popotiahnuť sa dáva, ak je potrebné: (Z1 čl.0219)|vykonať krátky pohyb vozidiel|dráhové vozidlá stlačiť, aby sa mohli spojiť alebo rozpojiť|dráhové vozidlá natiahnuť, aby sa mohla vykonať skúška brzdy
*Návesť 76, Pomaly, pri posune nariaďuje rušňovodičovi: (Z1 čl.0221)|znižovať rýchlosť pri posune na najviac 5 km/h a očakávať návesť 77, Stoj|stlačiť dráhové vozidlá, aby sa mohli spojiť alebo rozpojiť|upraviť jazdu posunujúceho HKV tak, aby sa mohli odraziť posunované vozidla 
*Ručná návesť 76, Pomaly, sa podľa potreby doplní: (Z1 čl.0221)|najmenej tromi dlhými zvukmi na píšťalke|niekoľkými krátkými zvukmi na píšťalke|tromi krátkymi zvukmi píšťalky
*Čo tvorí zvukovú návesť "Stoj" pri posune? (Z1 čl.0222)|tri krátke zvuky na píšťalke rýchlo za sebou|dva krátke zvuky píšťalky rýchlo za sebou|dva krátke zvky píšťaly alebo húkačky rýchlo za sebou
*Návesťou 79, Výhybky sú prestavené, oznamuje zamestnanec obsluhujúci výhybky: (Z1 čl.0224)|zamestnancovi oprávnenému riadiť posun, že výhybky sú pre zamýšľaný posun prestavené|rušňovodičovi, že výhybky sú pre zmýšľaný posun správne postavené|zamestnancovi vykonávajúcemu na výhybke údržbu, že pre jeho prácu su výhybky prestavené
Ručné návesti pre posun dáva zamestnanec oprávnený:|riadiť posun sám alebo porstredníctvom určeného zamestnanca|riadiť posunujúce dráhove vozidlo|vykonávať skúšku brzdy
*Ručné návesti pre posun sa dávajú, tak aby: (Z1 čl.0228)|bolo zrejmé, že sa vzťahujú len na vlastný posun|sa zabezpečovalo rýchle, bezpečné a správne rozradenie vlaku|bol posun včas zastavený a vlaková cesta uvoľnená
Posunovači pri posunovaných vozňoch sa musia rozdeliť tak, aby:|rušňovodič alebo zamestnanec, ktorý je určený na sprostredkovanie návestí, mohol pozorovať dávané návesti včas a bez pochybností|všetci videli na zamestnanca oprávneného riadiť posun a mohli pozorovať jeho návesti včas a bez pochybností|všetci videli na rušňovodiča posunujúceho dielu a zamestnanca oprávneného riadiť posun a mohli pozorovať jeho návesti včas a bez pochybností
*Ako postupuje rušňovodič, ak sa pri posune prestali dávať návesti? (Z1 čl.0231)|musí posunujúci diel zastaviť|riadi sa predchádzajúcou návesťou|zníži rýchlosť na 5 km/h a očakáva ďalšie návesti
*Zriaďovacie návestidlá majú na stožiari označenie: (Z1 čl.0234)|modré a biele pásy|ako hlavné návestidlá|červené a biele pruhy nerovnakej šírky
*Akou návesťou sa posun zakazuje, ak je svetelné zriaďovacie návestidlo zlúčené s hlavným návestidlom? (Z1 čl.0237)|návesťou 1, Stoj|návesťou 81, Posun zakázaný|návesťou 85, Tlačiť zakázané
*Návesť 82, Posun dovolený na skupinovom svetelnom zriaďovacom návestidle: (Z1 čl.0238)|nie je povolením na začatie posunu|oznamuje, že výhybky pre zamýšľaný posun sú správne postavené|upozorňuje zamestnanca oprávneného riadiť posun, že posunujúca cesta je voľná
*Ak nesvieti na opakovacom svetelnom zriaďovacom návestidle žiadne svetlo: (Z1 čl.0242)|môže sa posunovať najďalej ku kmeňovému zriaďovaciemu návestidlu|posunujúci diel musí pred takýmto návestidlom zastaviť|postupuje sa ako pri pokazenom zriaďovacom návestidle
*Akú návesť návestí opakovacie svetelné zriaďovacie návestidlo, ak kmeňové zriaďovacie návestidlo návestí návesť 82, Posun dovolený? (Z1 čl.0243)|návesť 82, Posun dovolený (jedno biele svetlo)|návesť 82, Posun dovolený (jedno červené a jedno biele svetlo)|opakovanie návesti 82, Posun dovolený (dve biele svetlá)
*Ktorá z uvedených návestí je vyjadrená štvorcovou na vrchole postavenou modrou doskou s bielym okrajom, v noci modrým svetlom? (Z1 čl.0245)|návesť 83, Posun zakázaný|Stoj, koľaj uzavretá|Tlačiť zakázané
*Namiesto návesti 84, Posun dovolený, mechanické zriaďovacie návestidlá na točniach, presuvniach, výkoľajkách a na koľajových zábranách majú biely: (Z1 čl.0247)|stojatý obdĺžnik alebo bielu šípku smerujúcu nahor|ležatý obdlžník|šíp v čiernom poli
Akú návesť návestí samostatné opakovacie spádoviskové návestidlo, ak na kmeňovom návestidle je návesť 85, Tlačiť zakázané?|posun zakázaný (modré svetlo)|tlačiť zakázané (červené svetlo)|opakovacie návestidlo je zhasnuté
*Ktoré z uvedených svetiel tvorí návesť 86, Tlačiť pomaly, na spádoviskovom návestidle? (Z1 čl.0252)|dve biele svetlá pod sebou|jedno biele svetlo|dve prerušované biele svetlá pod sebou
*Na jednokoľajnej trati sa označník umiestňuje vedľa koľaje: (Z1 čl.0261)|vpravo v smere jazdy od stanice|vľavo v smere jazdy od stanice|vpravo v smere jazdy do stanice
*Pri súbehu koľají (tratí) o viac ako dvoch koľajach sa označník umiestňuje: (Z1 čl.0261)|pri vnútorných koľajach vpravo, pri vonkajších koľajach na ich vonkajšej strane|vedľa koľají vľavo v smere jazdy od stanice|pri vnútorných koľajach vľavo, pri vonkajších koľajach na ich vonkajšej strane
*Kde sa používajú návesti uzávery koľaje? (Z1 čl.0266)|na koľajových váhach, točniach, presuvniach, výkoľajkách a zarážadlách slepej koľaje|na koľajových spojkách a na vrátach zriadených nad koľajami|vo veľkých zriaďovacích staniciach pre jazdy vlakov (posunujúcich dielov) medzi obvodmi
*Čo oznamuje Návesť 93, Stoj, koľaj uzavretá? (Z1 čl.0267)| že je výkoľajka na koľajnici|dopravná koľaj obsadená|koľajová spojka nie je prestavená a vráta zriadené nad koľajami sú zatvorené
*Čo oznamuje návesť "Uzavretie koľaje zrušené"? (Z1 čl.0268)|že točňa, presuvňa alebo koľajová váha sa smie prechádzať, že výkoľajka nie je na koľajnici|koľajová spojka je prestavená a vráta zriadené nad koľajami sú otvorené|z príslušnej koľaje je postavená odchodová vlaková cesta
*Vyčkávacie návestidlá nahradzujú v niektorých staniciach: (Z1 čl.0271)|zriaďovacie návestidlá|námedzník|vložené návestidlá
Zamestnanci zúčastnení na posune musia byť vyrozumení o pokazenom zriaďovacom (spádoviskovom) návestidle:|ešte skôr ako sa dovolí jazda k pokazenému návestidlu|po zastavení posunúceho dielu pred návestidlom|ihneď, ako sa návestidlo pokazí, aj keď sa neposunuje
*Aký je postup pri posune popri pokazenom zriaďovacom návestidle? (Z1 čl.0275)|posunuje sa ako na koľajach bez zriaďovacích návestidiel|musí sa označiť krížom neplatnosti|o zamýšľanom posune sa musia zúčastnený zamestnanci vyrozumieť písomne
*Na neprenosnom návestidle platnom pre posun, nemožno zmeniť návestný znak na návesť dovoľujúcu posun. Kto dá súhlas na posun okolo takéhoto návestidla na dopravných koľajach? (Z1 čl.0276)|výpravca priamo alebo prostredníctvom výhybkára|výpravca rozkazom "V"|výhybkár priamo
*Ako je označený Posun medzi dopravňami? (Z1 čl.0280)|ako vlak|nemá nijaké označenie|len za zníženej viditeľnosti bielym svetlom na obidvoch čelách vozidla
*Ako musí byť označené HKV a traťový stroj pri posune za zníženej viditeľnosti? (Z1 čl.0280)|najmenej jedným bielym svetlom umiestneným na obidvoch čelách vozidla|dvomi bielymi svetlami v rovnakej výške, doplnené reflektorovým svetlom|najmenej jednym bielym svetlom na čele vozidla v smere jazdy posunujúceho dielu
*Ako sa postupuje, ak všetky svetlá označujúce začiatok posunu medzi dopravňami (PMD) zhasnú? (Z1 čl.0281)|musí sa PMD zastaviť a svetlá rozsvietiť|nerobí sa žiadne opatrenie|nemusí zastaviť, ak rušňovodič označí čelo vlaku jedným červeným svetlom
*Akú povinnosť majú rušňovodiči pri stretaní sa s HKV protiidúceho vlaku? (Z1 čl.0282)|tlmiť diaľkový reflektor|dať zvukovú návesť "Pozor"|dať zvukovú návesť "Stoj"
Rušňovodiči pri jazde v dopravni s koľajovým rozvetvením, ktorá je osvetlená majú povinnosť:|tlmiť diaľkový reflektor|dať zvukovú návesť "Pozor"|dať zvukovú návesť "Stoj"
*Kto zodpovedá za správne označenie vlaku a posunu medzi dopravňami návesťami? (Z1 čl.0283)|dopravca|výpravca|výhybkár
*Čo tvorí Návesť 97, Začiatok vlaku? (Z1 čl.0284)|tri biele svetlá usporiadané v tvare rovnoramenného trojuholníka|jedno biele svetlo|najmenej dve biele svetlá na obidvoch čelách vozidla
Čo tvorí nočný znak Návesti 97, Začiatok vlaku? (Z1 čl.0284)|tri biele svetlá usporiadané v tvare rovnoramenného trojuholníka|jedno biele svetlo|najmenej dve biele svetlá na obidvoch čelách vozidla
*Ako sa označí začiatok tlačených vlakov, v čele ktorých nie je vozidlo prispôsobené na osvetlenie tromi svetlami? (Z1 čl.0284)|dvomi bielymi svetlami v rovnakej výške|tromi bielymi svetlami v rovnakej výške|jedným bielym svetlom
*Denná návesť 99, Koniec časti vlaku, je: (Z1 čl.0286)|žltá zastávka alebo obdĺžniková doska žltej farby z materiálu odrážajúceho svetlo na zadnej strane posledného vozidla jednotlivých častí vpravo|červená zastávka alebo obdĺžniková doska červenej farby z materiálu odrážajúceho svetlo na zadnej strane posledného vozidla jednotlivých častí vpravo|žltá zastávka alebo obdlžníková doska žltej farby z materiálu odrážajúceho svetlo na zadnej strane posledného vozidla jednotlivých častí vpravo
Nočná návesť 99, Koniec časti vlaku, je: (Z1 čl.0286)|žlté svetlo alebo obdĺžniková doska žltej farby z materiálu odrážajúceho svetlo na zadnej strane posledného vozidla jednotlivých častí vpravo|červená zastávka alebo obdĺžniková doska červenej farby z materiálu odrážajúceho svetlo na zadnej strane posledného vozidla jednotlivých častí vpravo|žltá zastávka alebo obdlžníková doska žltej farby z materiálu odrážajúceho svetlo na zadnej strane posledného vozidla jednotlivých častí vpravo
Návesť 104, Pozor, tvorí:|jeden dlhý zvuk húkačky alebo píšťaly|jeden krátky zvuk húkačky alebo píšťaly|jeden dlhý a jeden krátky zvuk píšťaly alebo húkačky
*Za nemožného dorozumenia, pri jazde podľa rozhľadu, dáva rušňovodič HKV návesť 104, Pozor: (Z1 čl.0303)|od predzvesti po vchodové návestidlo s krátkymi prestávkami|od vchodového návestidla s krátkymi prestávkami|250 m od vchodového návestidla s krátkymi prestávkami
*Rušňovodič HKV dáva návesť 104, Pozor, pri jazde pred a okolo (cez) pracovného miesta: (Z1 čl.0303)|od návesti 57, Predzvestný štít, po návesť 59, Koniec prechodného obmedzenia traťovej rýchlosti|od návesti 56, Predzvestník, po návesť 55, Rýchlostník|od návesti 58, Začiatok prechodného obmedzenia traťovej rýchlosti, po návesť 59, Koniec prechodného obmedzenia traťovej rýchlosti
*Návesť "Pozor" pre varovanie osôb, ak je to nariadené písomným rozkazom alebo ak je návestená porucha PZZ sa dáva pred priecestím najmenej zo vzdialenosti: (Z1 čl.0303)|250 m|200 m|150 m
*Pri tlačených vlakoch, prípadne aj tlačených posunujúcich dieloch návesť 104, Pozor, dáva: (Z1 čl.0304)|zamestnanec na prvom tlačenom vozni píšťalkou|zamestnanec oprávnený riadiť posun návestnou trúbkou|rušňovodič vedúceho HKV húkačkou alebo píšťalou
*Ako potvrdí rušňovodič vlaku vchádzajúceho do stanice, že vzal na vedomie návesť 115, Odchod? (Z1 čl.0310)|návesťou 108, Povoľte brzdy úplne|návesťou 104, Pozor|návesťou 119, Možno prechodiť
*Ako postupuje rušňovodič, ak zlyhá píšťala a húkačka na vedúcom HKV? (Z1 čl.0311)|rušňovodič pokračuje v jazde za podmienok jazdy podľa rozhľadu. Vlak smie takto ísť najďalej do najbližšej stanice|rušňovodič zmenší rýchlosť a pokračuje v jazde podľa rozhľadových pomerov tak, aby mohol zastaviť podľa možností pred prekážkou, rýchlosť 30 km/h nesmie byť prekročená|rušňovodič zmenší rýchlosť a pokračuje v jazde podľa rozhľadových pomerov tak, aby mohol zastaviť podľa možností pred prekážkou, rýchlosť 40 km/h nesmie byť prekročená
Na potvrdenie príjmu ručných jazdných návestí sa:|prednostne použije zvuk píšťaly|prednostne použije zvuk húkačky|použije zvuk píšťaly aj húkačky
*Ručnú návesť 109, Zabrzdite, pri skúške brzdy cez deň tvorí: (Z1 čl.0314)|zopnutie rúk nad hlavou|vzpaženie ruky zvislo nahor|opakované polkruhové pohyby ruky nad hlavou
*Akú návesť vyjadrujú Opakované polkruhové pohyby ručným lampášom s bielym svetlom nad hlavou? (Z1 čl.0315)|návesť 110, Odbrzdite|návesť 109, Zabrzdite|návesť 111, Brzda v poriadku
*Ako sa dáva návesť 111, Brzda v poriadku, denný znak? (Z1 čl.0316)|vzpažením ruky zvislo nahor|vzpažením ruky šikmo nahor|opakovaným opisovaním písmena "T"
*Ako dáva výpravca denný znak návesti 115, Odchod? (Z1 čl.0321)|pohybuje zvislo dennou výpravkou obrátenou návestným znakom smerom k vedúcemu HKV|drží výpravku obrátenú zeleným terčíkom s bielym okrajom a bielym krížom smerom k vedúcemu HKV|pohybuje vodorovne dennou výpravkou obrátenou zeleným terčíkom s bielym okrajom a bielym krížom smerom k vedúcemu HKV
*Z dopravne s koľajovým rozvetvením, okrem dopravne s výlukou dopravnej služby: (Z1 čl.0323)|nesmie vlak odísť bez návesti dovoľujúcej odchod alebo bez súhlasu (rozkazu) výpravcu|smie vlak odísť, ak je zo susednej stanice vyrozumený písomným rozkazom, že vchodové a odchodové návestidlá sa pre poruchu neobsluhujú|smie vlak odísť aj bez súhlasu výpravcu, ak to dovoľuje Prevádzkový poriadok
*Vlak je písomne vyrozumený o prechodení v stanici, ktorá je bez odchodových návestidiel. Môže takýto vlak v uvedenej stanici prechodiť? (Z1 čl.0324)|áno, ak dá výpravca súhlas na prechod návesťou 115, Odchod|áno, ak dá výpravca súhlas na prechod návesťou 119, Možno prechodiť|áno, lebo je o prechodení upovedomený písomným rozkazom
*V staniciach s odchodovými návestidlami, výpravca dovoľuje odchod vlaku návesťou hlavného návestidla platného len pre príslušnú koľaj. Platí to aj v prípade, ak je pri poruche tohto návestidla dávaná návesť 39, Opatrne na privolávaciu návesť? (Z1 čl.0325)|áno|nie, privolávacia návesť nie je nikdy rozkazom na odchod|nie, len ak to dovoľuje Prevádzkový poriadok
*Dokedy dáva výpravca výpravkou návesť 115, Odchod? (Z1 čl.0328)|až do uvedenia vlaku do pohybu, alebo do potvrdenia prijatia návesti rušňovodičom zdvihnutím ruky|pokiaľ odchádzajúci vlak neminie koniec nástupišťa|pokiaľ rušňovodič nezatvorí centrálne ovládané dvere
*Vlak pripravený na odchod stojí čelom za odchodovým (cestovým) návestidlom, ktoré je súčasne predzvesťou nasledujúceho hlavného návestidla, výpravca: (Z1 čl.0335)|dá rozkaz na odchod a rušňovodič musí očakávať pri nasledujúcom hlavnom návestidle zákaz jazdy|dá rozkaz na odchod, ale rušňovodič sa musí presvedčiť o návesti povoľujúcej jazdu vlaku na príslušnom návestidle|vlak nevypravuje, rušňovodič sa presvedčí o návesti povoľujúcej jazdu vlaku, po odchode zo stanice musí očakávať pri nasledujúcom hlavnom návestidle zákaz jazdy
*Vlak zastavil po rozkaze na odchod v stanici a rušňovodič neprivolal člena sprevádzajúceho personálu, vlak smie pokračovať v jazde: (Z1 čl.0338)|len čo to dovolí návestný znak tohto návestidla alebo len čo pominie dôvod zastavenia|až vtedy, keď od prvého člena sprevádzajúceho personálu prijal návest 78, Súhlas na odchod|až po rozkaze na odchod
*Počas prechodu bol vlak zastavený v stanici návesťou 50, Stoj, zastavte všetkými prostriedkami. Vlak smie pokračovať v ďalšej jazde: (Z1 čl.0338)|po odstránení poruchy alebo prekážky, pričom sa zachová celý postup predpísaný pre výpravu vlaku vlakovým personálom|po výprave vlaku návestidlom|len, čo pominul dôvod zastavenia
*Mimoriadne prechodiaci vlak má v stanici pravidelný vchod na obsadenú koľaj. Výpravca musí dať rozkaz na prechodenie: (Z1 čl.0344)|návesťou 115, Odchod|návesťou 119, Možno prechodiť|postavením príslušného hlavného návestidla na návesť dovoľujúcu jazdu
*Vlak zastavujúci podľa cestovného poriadku v stanici s odchodovými návestidlami môže mimoriadne prechodiť: (Z1 čl.0344)|ak rušňovodič nepochybne zistí, že príslušné hlavné návestidlá, platné len pre jeho jazdu, dovoľujú jazdu, a vlak nie je zastavujúcim pre výstup a nástup cestujúcich, alebo rušňovodič nie je vyrozumený písomným rozkazom o zastavení|ak bol rušňovodič vyrozumený návesťou 119, Možno prechodiť, výpravcom v susednej stanici a príslušné hlavné návestidlá dovoľujú jazdu|až po návesti 114 "Súhlas na odchod"
Vlak zastavujúci podľa cestovného poriadku v stanici bez odchodových návestidiel môže mimoriadne prechodiť:|až ked výpravca dá súhlas na prechod návesťou 115, Odchod|ak je vyrozumený písomným rozkazom o mimoriadnom prechodení|ak bol rušňovodič vyrozumený v susednej stanici návesťou 119, "Možno prechodiť"
Rušňovodič rušňového vlaku idúceho v trase vlaku osobnej dopravy, ktorý ma predpísaný pobyt na zástavke:|nezastaví|zastaví a dodrží predpísaný pobyt|zastaví, ak nie je vyrozumený o prechádzaní zástavky
*Rušňovodič vlaku s prepravou cestujúcich sa o mimoriadnom zastavení alebo prechádzaní vlaku v zastávkach a nákladiskách: (Z1 čl.0345)|vyrozumie písomným rozkazom|vyrozumie v susednej stanici návesťou "Možno prechodiť"|nevyrozumieva a musí predpokladať, že bude zastavovať v zastávkach a nákladiskách
Ručné jazdné návestidlá slúžia na vzájomné:|dorozumievanie výpravcu (strážnika oddielu) s rušňovodičom počas jazdy vlaku|dorozumievanie sa prevádzkovateľov dopravy na dráhe v medzistaničnom úseky počas jazdy vlaku|dorozumievanie sa rušňovodičov a členov sprevádzajúceho presonálu v prípade poruchy rádiotelefonného spojenia
*Ručné jazdné návestidlo "Modrá štvorcová tabuľka s bielym písmenom "S", postavená na vrchole" vyjadruje návesť: (Z1 čl.0350)|"Choďte na sériové spojenie"|"Stoj, v priestore pre výstup a nástup cestujúcich"|"Skupinové odchodové návestidlo je pokazené"
*Ručné jazdné návestidlo "Oválny terčík s čiernym obrazom kopáča v bielom poli nad zeleným lichobežníkom" vyjadruje návesť: (Z1 čl.0351)|"Očakávajte výstražný terč"|"Zastavte rušiaci posun"|"Pozor, pracovné miesto na trati"
*Ručné jazdné návestidlo "Biela štvorcová na vrchole postavená tabuľka s dvoma čiernymi kruhmi" vyjadruje návesť: (Z1 čl.0352)|"Posun za námedzník"|"Posun medzi dopravňami povolený"|"Posun cez hranicu izolovaného úseku"
Výpravca upozorní rušňovodiča prechodiaceho vlaku návesťou "Možno prechodiť" na poruchu traťovej časti VZ alebo poruchu PZZ návestenú priecestníkom. Rušňovodič:|nemusí hlásiť poruchu v susednej stanici, prípadne za týmto účelom v stanici zastaviť|musí v susednej stanici zastaviť a oznámiť túto okolnosť ústne výpravcovi|musí v stanici zastaviť a ohlásiť danú skutočnosť elektrodispečerovi
"Úzka obdĺžniková tabuľka s čiernou šípkou v bielom poli vo vodorovnej polohe" vyjadruje návesť:|"Možno prechodiť"|"Jazda vlaku proti správnemu smeru"|"Návestidlo je na opačnej strane"
Je možné podľa potreby dávať súčasne návesť 117, Očakávajte výstražný terč, a návesť 115, Odchod?|áno|nie|len, ak je to povolené Prevádzkovým poriadkom
*Návesť 120, Lichobežníková tabuľka na tratiach so zjednodušeným riadením dopravy nahrádza: (Z1 čl.0356)|vchodové návestidlo dopravne|odchodové návestidlo dopravne|zriaďovacie návestidlo dopravne
*Návesť 120 b, Lichobežníková tabuľka, doplnená žltým svetlom sa umiestňuje: (Z1 čl.0356)|pred dopravňami so samovratnými výhybkami|pred dopravňami s výlukou dopravnej služby|najmenej 50 m pred označník
*Na návesti 120b, Lichobežníková tabuľka, nesvieti žlté svetlo, návesť je nezreteľná alebo pochybná. Rušňovodič s prvým vlakom (PMD):  (Z1 čl.0357)|musí zastaviť pred lichobežníkovou tabuľkou|pokračuje v jazde do dopravne bez zastavenia|pokračuje v jazde a po prejdení čela vlaku (PMD) za návesť 120b, Lichobežníkova tabuľka, ide cez samovratnú výhybku dopravne s maximálnou rýchlosťou 5 km/h
*Návesť 121, Tabuľka s krížom oznamuje rušňovodičovi, že sa blíži k: (Z1 čl.0358)|lichobežníkovej tabuľke alebo k hlavnému návestidlu|priecestiu s výstražnými krížmi|hlavnému návestidlu, ktoré je umiestnené na zmenšenú dohľadnosť
Návesť 127, Zastavte prácu pluhu označuje začiaok úseku, v ktorom:|nie je dovolená práca snehového pluhu, ktorou je možné poškodiť zariadenia na dráhe|pominul dôvod zastaviť práce snehového pluhu|sa zastaví práca snehového pluhu vždy, keď je znížená viditeľnosť na 50 m
Návesť 128, Začnite prácu pluhu tvorí:|trojuholník zostavený z latiek pripevnený na stĺpiku vrcholom dole, návestidlo ma čierne a biele pásy|štvorec s uhlopriečkami zostavenými z latiek (rúrok), stojaci na vrchole, návestidlo má čierne a biele pásy|trojuholník zostavený z latiek pripevnený na stĺpiku vrcholom dole, návestidlo ma červené a biele pásy
*Čo označuje návesť "Zapnite prúd" na elektrifikovaných tratiach? (Z1 čl.0378)|koniec úseku cez ktorý sa na elektrifikovaných tratiach musí prechádzať bez odberu prúdu z trakčného vedenia|koniec úseku v ktorom rušňovodič vedúceho HKV odpojí úsekové odpojovače|koniec úseku pred ktorým čelo vlaku tlačeného HKV nezávislej trakcie zastane, až do doby kým nedôjde HKV elektrickej trakcie.
Návesti 136, Vypnite prúd a 137, Zapnite prúd neplatia na elektrifikovaných tratiach pre:|elektrické zásobovanie vozidiel elektrickou energiou z motorových HKV|HKV elektrickej trakcie|HKV uvedených v Tabuľkách traťových pomerov
*Modrá štvorcová doska postavená na vrchole, čierno orámovaná s bielym okrajom, uprostred dva vodorovné biele pásy vyjadruje návesť: (Z1 čl.0384)|Začiatok jednosmernej trakčnej prúdovej sústavy|Začiatok jednofázovej trakčnej prúdovej sústavy|Koniec jednosmernej trakčnej prúdovej sústavy
*Začiatok miesta, kde výška trolejového drôtu nad temenom koľajnice je menšia ako výška normálna sa označuje návesťou: (Z1 čl.0390)|"Začiatok zníženej výšky trolejového drôtu"|"Začiatok jednofázovej trakčnej prúdovej sústavy"|"Pripravte sa na stiahnutie zberača"
*Aký príkaz vydá výpravca pred obsluhou úsekových odpojovačov rušňovodičom HKV elektrickej trakcie stojacich na koľajach v obvode odpojovanej časti trakčného vedenia od napätia? (Z1 čl.0398)|príkaz na stiahnutie zberača|nevydáva žiadne príkazy|príkaz na uzamknutie a odovzdanie kľúčov od stanovišťa HKV
Pri obsluhe úsekových odpojovačov preklenujúcich elektrické delenie, ktoré oddeľujú trakčné vedenie šírej trate od stanice, po celý čas ich odpojenia na koľajach medzi vchodovým návestidlom (prípadnme miestom v jeho úrovni) a krajnou výhybkou:|smie byť HKV elektrickej trakcie, ak má zberač stiahnutý|smie byť HKV elektrickej trakcie, ak má zberač zdvihnutý|nesmie byť žiadne HKV elektrickej trakcie
*Vlakový personál, ak počas jazdy vlaku spozoruje akúkoľvek poruchu na trakčnom vedení oznámi ju čo najskôr: (Z1 čl.0412)|výpravcovi|regionálnemu dispečerovi|elektrodispečerovi, v hlásení uvedie druh a miesto poruchy
*Ak dôjde po strate napätia v trakčnom vedení k jeho obnoveniu, môžu sa rozbiehať na trati stojace vlaky osobnej dopravy a rušňové vlaky ihneď. Ostatné vlaky sa môžu rozbiehať po uplynutí: (Z1 čl.0417)|dvoch minút od času obnovenia napätia|desiatich minút od času obnovenia napätia|piatich minút od času obnovenia napätia
*"Výstražný kolík" s časovo vymedzenou platnosťou sa umiestňuje pred: (Z1 čl.0420)|tunelmi, mostami, zárezmi, kde nie je zabezpečený voľný schodný a manipulačný priestor|tunelmi, mostami, zárezmi, kde je zabezpečený schodný priestor|dopravňami s koľajovým rozvetvením a zárezmi, tunelmi
*"Výstražný kolík" s časovo vymedzenou platnosťou platí od: (Z1 čl.0420)|od 06:00 hod do 18:00 hod|od 06:00 hod do 14:30 hod|od 10:00 hod do 18:00 hod
*Vlak alebo posunujúci diel o mimoriadnej platnosti výstražného kolíka s časovo vymedzenou platnosťou musí byť vyrozumený: (Z1 čl.0420)|písomne|ústne|telekomunikačným zariadením bez záznamového zariadenia
*Rušňovodič vlaku na návesť 148, Pracovné miesto, pískajte bude vyrozumený: (Z1 čl.0422)|v poslednej stanici pred pracovným miestom|v dispozičnej stanici|východzej stanici
*Ako vyrozumie výpravca rušňovodiča o umiestnení návesti "Pracovné miesto pískajte"? (Z1 čl.0422)|písomným rozkazom, telekomunikačným zariadením alebo ručnou návesťou "Očakávajte výstražný terč"|staničným rozhlasom|ústne
Zadná strana návestného štítu návesti 148a "Pracovné miesto, pískajte" je biela s:|čiernym šikmým pásom|červeným šikmým pásom|červeným vodorovným pásom
Vložené návestidlá označujú miesto:|kde musí vchádzajúci vlak zastaviť|odkiaľ je dovolené posunovať za označník|odkiaľ je možné posunovať za námedzník
Vložené návestidlá:|určujú koľaj, z ktorej je postavená vlaková cesta pre odchod|upozorňujú na návesť 54, Hranica izolovaného úseku|upozorňujú na vyčkávacie návestidlo, za ktoré je zakázané posunovať
Stožiare (označovacie pásy) vložených návestidiel sú označované striedavo|červenými, modrými a bielymi pásmi rovnakej výšký|červenými, bielymi a modrými pásmi rovnakej výšký|červenými a bielymi pásmi rovnakej výšký
Na návesť 152, Odchodové návestidlo dovoľuje jazdu vloženého návestidla, ak vlak neodchádza priamym smerom, smie ísť rušňovodič s vlakom rýchlosťou najviac:|40 km/h|30 km/h|15 km/h
Ak je vložené návestidlo pokazené, výpravca jazdu vlaku okolo takého návestidla dovolí:|písomným rozkazom alebo ručným privolávacím návestidlom|písomným rozkazom alebo privolávacím návestidlom|ústnym rozkazom alebo ručným privolávacím návestidlom
Koľajisko s vloženými návestidlami sa označí:|čiernym výkričníkom na bielej tabuli, ktorá je čierno orámovaná|modrým písmenom "V" na bielo - modrom stožiari|modrobielym stĺpikom pred krajnou výhybkou
Návesť 153, Koľajisko s vloženým návestidlom sa umiestňuje na:|stožiar vchodového návestidla|rýchlostník umiestnený v dopravni pred krajnou výhybkou|rýchlostník umiestnený pred vchodovým návestidlom
Návestidlá pre vlakový zabezpečovač sa pred izolovaným stykom ohraničujúcim koľajové obvody rozdielnych kmitočtov umiestňujú na vzdialenosť maximálne:|5 m|15 m|50 m
*Tabuľka pred priecestím, ktorá vyznačuje jeho kilometrickú polohu sa umiestňuje od priecestia s PZZ na vzdialenosť: (Z1 čl.0446)|60 m|80 m|100m
*Kilometrovník označuje kilometrickú: (Z1 čl.0447)|polohu miest na trati|vzdialenosť návestidiel od stanice|polohu PZZ od stanice
*Návesť "Odbrzdite" dávaná rádiovým zariadením sa nahradí slovami:(Z1 čl.0450)|"Vlak 67 765 na šiestej koľaji odbrzdite!"|"Vlak 67 765 na šiestej koľaji povoľte brzdy mierne!"|"Vlak 67 765 na šiestej koľaji povoľte brzdy úplne!"
Návesti dávané za vlakovej dopravy rádiovým zariadením musí príjímajúci zamestnanec opakovať. Ak nedošlo k ich opakovaniu:|musí zamestnanec, ktorý návesť dal, predpokladať, že zamestnanec, ktorému bol príkaz určený počul, čo sa prejaví vykonaním daného rozkazu|výpravca musí postupovať tak, ako by návesť rádiovým zariadením nebola dávaná a rušňovodič vlaku musí byť o mimoriadnostiach vyrozumený ručnou návesťou alebo musí byť vlak zastavený a rušňovodič vyrozumený|vlak sa zastaví a rušňovodič vlaku sa vyrozumie ústne
*Záväzné slovné znenie nahradzujúce ručné jazdné návesti, dávané za vlakovej dopravy rádiovým zariadením rušňovodič: (Z1 čl.0452)|musí vždy opakovať|opakuje len vtedy, keď návesti nerozumel|nemusí opakovať
*Aké je záväzné slovné znenie nahradzujúce viditeľnú návesť "Stoj" pri posune v rádiovej prevádzke? (Z1 čl.0453)|"Stoj"|"Stoj, stoj, stoj"|"Zastavte"
*Stále spojenie medzi vedúcim posunu a rušňovodičom idúceho HKV pri posune musí byť preverované opakovaním vysielaných oznámení asi v: (Z1 čl.0453)|päťsekundových intervaloch|trojsekundových intervaloch|desaťsekundových intervaloch
*Rušiaci vlak je vlak: (Z1 čl.0460)|ktorého jazda vylučuje alebo narušuje pravidelnú jazdu iného vlaku|ktorý svojou jazdou nenarušuje jazdu iných vlakov|ktorý vylučuje jazdu vlakov podľa potreby
*Cestovným poriadkom jedného (kmeňového) vlaku sa smie riadiť najviac: (Z1 čl.0462)|deväť následov|jeden násled|dva následy
*Zavedením nového GVD strácajú platnosť: (Z1 čl.0469)|pomôcky predchádzajúceho GVD, vrátane operatívnych príkazov a nariadení, ktoré sa k nemu vzťahujú|pomôcky predchádzajúceho GVD|len výlukové rozkazy
*Kto smie riadiť posun? (Z1 čl.0481)|len jeden oprávnený zamestnanec - vedúci posunu|aj viac zamestnancov, ale len pri jednoduchom posune|zamestnanec, ktorý je určený výpravcom
*Kto je označený Červenou páskou na ochrannej prilbe? (Z1 čl.0482)|vedúci posunu samostatných posunovacích čiat|každý zamestnanec oprávnený riadiť posun|zamestnanec oprávnený riadiť jednoduchý posun
Ak prevezme riadenie posunu iný oprávnený zamestnanec:|vyrozumejú sa všetci zamestnanci zúčastnení na posune o tom, kto bude riadiť ďalší posun|nerobia sa žiadne opatrenia|výpravca zapíše zmenu do Dopravného denníka
*Aké zásady musia byť dodržané pri posune s HKV elektrickej trakcie so zdvihnutým zberačom, keď sa vykonáva posun na koľaje bez trakčného vedenia, prípadne s vypnutým trakčným vedením? (Z1 čl.0487)|je potrebné medzi HKV a posunované vozne pridať dostatočný počet vozňov, aby bol tento posun 
možný|je takýto posun zakázaný|nerobia sa žiadne osobitné opatrenia
Na tratiach s trakčným vedením pri posune s HKV elektrickej trakcie so zdvihnutým zberačom musia byť dodržané nasledovné zásady:|vypnuté trakčné vedenie nesmie byť zapnuté prv, než bude zaistené, aby nedošlo k ohrozeniu zamestnancov pri posune|vypnuté trakčné vedenie sa môže kedykoľvek zapnúť|vypnuté trakčné vedenie sa môže zapnúť až po súhlase elektrodispečera
Úsekové deliče, ktoré oddeľujú trolejové vedenie pod napätím od trolejového vedenia bez napätia, HKV elektrickej trakcie:|smú prechádzať len so stiahnutým zberačom|smú prechádzať len so zdvihnutým zberačom|nesmú vôbec prechádzať
Stanica leží na spáde väčšom ako 2,5 promile. Do akej vzdialenosti pred týmto spádom je dovolené posunovať s vozidlami bez ich pripojenia na HKV?|50 metrov|15 metrov|100 metrov
Tlačený posunujúci diel po spáde musí mať obsluhovanú ručnú brzdu alebo zapojenú účinkujúcu priebežnú brzdu:|ak nie je nežiaduci pohyb vozidiel znemožnený odvratnou koľajou, výkoľajkou, vozňami zabrzdenými ručnou brzdou|na väčšsom spáde ako 15 promile|len keď to nariadi predpis V 15/I
*Je v stanici, ktorá má ústredne a miestne prestavované výhybky dovolený posun trhnutím? (Z1 čl.0508)|nie|áno|áno, ak je to uvedené v Prevádzkovom poriadku
*Ako sa vykonáva zabezpečenie vozidiel proti samovoľnému pohybu? (Z1 čl.0522)|zaisťovacou brzdou, zarážkami alebo privesením na skupinu dráhových vozidiel zabezpečených proti samovoľnému pohybu v závislosti na sklonových pomeroch stanice|priebežnou brzdou, ručnou brzdou a zarážkami v závislosti na sklonových pomeroch stanice|priebežnou brzdou, ručnou brzdou, zarážkami a podložkami v závislosti na sklonových pomeroch stanice
*Musia sa jednotlivé skupiny odstavených vozidiel po skončenom posune zabezpečiť proti samovoľnému pohybu? (Z1 čl.0524)|musia byť spojené a zabezpečené proti samovoľnému pohybu|nemusia byť zabezpečené|musia byť zabezpečené proti ujdeniu podložkami
*Kedy sa nemusia zabezpečiť proti samovoľnému pohybu skupiny vozidiel pri posune ponechané bez HKV? (Z1 čl.0525)|ak im spoľahlivo bránia v pohybe iné vozidlá, ktoré sú zabezpečené proti samovoľnému pohybu|ak o tom rozhodne vedúci posunu|ak im bráni v pohybe výkoľajka alebo výhybka uzamknutá v odvratnej polohe
*Zarážky s dvoma prírubami sa môžu použiť na zabezpečenie stojacich vozidiel proti samovoľnému pohybu: (Z1 čl.0526)|aj v tých staniciach, v ktorých je ich používanie pri posune zakázané|ak je to povolené výpravcom|používajú sa len jednoprírubové zarážky
Za zaistenie odstavených vozidiel proti samovoľnému pohybu zodpovedá:|ten, ktorý ich odstavil (odpojil od ostatných vozidiel)|zamestnanec oprávnený riadiť jednoduchý posun|ten, koho určil zamestnanec oprávnený riadiť posun
*Smie byť súprava vozidiel počas výmeny vlakového HKV (ponechaná bez HKV) zabezpečená proti samovoľnému pohybu len zabrzdením priebežnou brzdou? (Z1 čl.0531)|áno, za podmienky, že vozne zostanú pod priamym dozorom určeného zamestnanca|za podmienky, že koľaj na ktorej stojí súprava, je z oboch strán krytá hlavným návestidlom|bez ďalších opatrení
*Za odbrzdenie zaisťovacích bŕzd a odstránenie zarážok zodpovedá zamestnanec: (Z1 čl.0534)|ktorý spája HKV so súpravou|ktorý vykonáva technickú prehliadku vlaku|oprávnený riadiť jednoduchý posun
*Musí vedúci posunu vyrozumieť pred začatím posunu rušňovodiča či posunuje na koľaj voľnú alebo obsadenú? (Z1 čl.0540)|áno|nie|nie, rušňovodič túto možnosť musí vždy predpokladať
*Kde zaujme miesto na HKV rušňovodič, ak pri posune tlačí posunujúci diel? (Z1 čl.0541)|v kabíne, z ktorej môže najlepšie pozorovať dávané návesti|rozhodne o tom vedúci posunu|na prednom stanovišti v smere jazdy
*Kde zaujme miesto na HKV rušňovodič, ak pri posune posunujúci diel ťahá? (Z1 čl.0541)|v kabíne, na čele v smere jazdy posunujúceho dielu|rozhodne o tom sám|na zadnom stanovišti, ak má z neho dobrý výhľad
Rušňovodič uvedie HKV do pohybu len ak bol o postupe pri posune vyrozumený a ak dá na to rozkaz vedúci posunu:|ústne, rádiovým zariadením, návesťou alebo prostredníctvom na to určeného zamestnanca|telekomunikačným zariadením a faxom|ústne alebo návesťou
*Pri nabiehaní na stojace vozidlá nesmie byť prekročená rýchlosť: (Z1 čl.0545)|5 km/h, a to v úseku 20 metrov pred stojacim dráhovým vozidlom|5,5 km/h, a to v úseku 5 metrov pred stojacim dráhovým vozidlom|5,5 km/h, a to v úseku 10 metrov pred stojacim dráhovým vozidlom
*Ak pri posune rušňovodič riadi pohyb vozidiel z kabíny na čele prvého vozidla v smere jazdy nesmie byť prekročená rýchlosť: (Z1 čl.0545)|40 km/h|30 km/h|20 km/h
*Pri posune s vozňami obsadenými osobami sa posunuje zvlášť opatrne a rušňovodič upraví rýchlosť: (Z1 čl.0546)|podľa pokynov vedúceho posunu|podľa miestnych pomerov|o rýchlosti rozhodne sám
*Manipulačné koľaje a výhybky v manipulačných koľajach sa smú prechádzať rýchlosťou najviac: (Z1 čl.0548)|40 km/h|30 km/h|20 km/h
*Je pri nesprevádzaných posunujúcich dieloch, samostatne idúcom nesprevádzanom hnacom vozidle a pri spojených HKV návesť 82, 84, Posun dovolený (okrem skupinových návestidiel), súhlas na posun pre rušňovodiča (Z1 čl.0552)|áno|nie|áno, len ak to dovoľuje Prevádzkový poriadok
*Je možné prestavenie výhybiek pre zamýšľaný posun považovať za súhlas na posun? (Z1 čl.0557)|nie|áno|áno, iba v stanici, kde vedľa koľaje z ktorej sa bude posunovať nie je hlavné ani zriaďovacie návestidlo
*Neprenosné návestidla kryjúce obvod, v ktorom sa posunuje pri každom posune: (Z1 čl.0567)|musia zakazovať jazdu vlaku|môžu dovoľovať jazdu vlaku|podmienky stanoví Prevádzkový poriadok
*Osobitný rozkaz na zastavenie rušiaceho posunu, prípadne hlásenie, že rušiaci posun bol zastavený nie je potrebný ak posunujúci diel je mimo vlakovej cesty pred neprenosným návestidlom: (Z1 čl.0570)|zakazujúcim posun, platným pre túto koľaj|neplatným pre posun, ktoré stojí priamo pri koľajim a to vpravo od nej|ktoré je označené návesťou 43, Upozorňovadlo na skupinové návestidlo
*Smie sa na koľajach zbiehajúcich sa s vlakovou cestou posunovať, ak je dovolená jazda vlaku? (Z1 čl.0573)|áno, ale len po neprenosné návestidlo platné pre túto koľaj a zakazujúce posun (nie však odrážať alebo spúšťať vozne na voľnú koľaj)|len k neprenosnému návestidlu, ktoré stojí priamo vpravo pri koľaji pred miestom možného ohrozenia a dovoľuje jazdu|len k prvému námedzníku pri zbiehajúcioch sa dopravných koľajach na odchodovej strane vlaku
Priecestia vybavené výstražnými krížmi pri posune musia byť strážené ak:|je posunujúci diel tlačený|sa cez ne posunuje s neobsadeným posunujúcim dielom|pri priecestí chýba výstražný kríž a je znížená viditeľnosť
*Za to, že pri posune za označník koniec posunujúceho dielu neopustí obvod stanice zodpovedá: (Z1 čl.0581)|vedúci posunu|výpravca|výhybkár
Posunovať za označník sa môže tak ďaleko ako je to potrebné:|ale koniec posunujúceho dielu nesmie opustiť obvod stanice|najďalej po najbližšie hlavné návestidlo bez ďalších obmedzení|ale koniec posunujúceho dielu musí zastaviť najďalej za hrotom jazyka poslednej výhybky
*Ak je zavedená jazda vlakov po nesprávnej koľaji, ustanovenia o posune za označník platia aj pre: (Z1 čl.0582)|posun za úroveň označníka, prípadne za svetelné zriaďovacie návestidlo, ktoré ho nahradzuje|posun za úroveň vchodového návestidla|posun za obvod stanice
Vedúci posunu vyrozumie rušňovodiča HKV o posune za označník:|ústne|písomným rozkazom "V"|priamo alebo prostredníctvom výhybkára
Ak bude potrebné celkom výnimočne posunovať za označník v prípade, že pri vchodovom návestidle stojí vlak, musí byť rušňovodič stojaceho vlaku a vedúci posunu: (Z1 čl.0591)|o tomto vyrozumený|vyrozumený písomným rozkazom|vyrozumený "Op" rozkazom
*Kto riadi posun za námedzník? (Z1 čl.0596)|výpravca|dozorca nástupišťa|zamestnanec oprávnený riadiť jednoduchý posun
*Výpravca obsluhujúci zabezpečovacie zariadenie je vedúcim posunu len pri: (Z1 čl.0598)|posune nesprevádzaných HKV alebo nesprevádzaných posunujúcich dielov po dopravných koľajach|posune na dopravných koľajach|jazdách posunujúcich dieloch v slede
Vyrozumenie rušňovodiča pri nesprevádzanom posune sa vykoná:|prostredníctvom zamestnanca určeného Prevádzkovým poriadkom|písomne|obsluhou zabezpečovacieho zariadenia
*Ako sa dozvie zamestnanec, ktorý vyrozumieva rušňovodiča o nesprevádzanom posune, že rušňovodič vyrozumeniu porozumel? (Z1 čl.0601)|každé vyrozumenie musí rušňovodič zopakovať tomu, kto ho vyrozumel|rušňovodič túto skutočnosť potvrdí svojim podpisom na rozkaze "V"|rušňovodič vyrozumenie potvrdí slovami "Rozumel"...(priezvisko rušňovodiča)
*Po vyrozumení rušňovodiča o nesprevádzanom posune sa ďalšia jazda riadi: (Z1 čl.0602)|neprenosnými návestidlami platnými pre koľaj, po ktorej sa posunuje|len zvukovými návesťami pre posun|len ručnými návestidlami
*Ak je nesprevádzaný posun riadený ručnými návesťami, rušňovodič musí byť vyrozumený o: (Z1 čl.0603)|tom, v ktorých miestach, alebo z ktorých stanovíšť budú dávané návesti pre posun|platnosti návesti "Hranica izolovaného úseku"|druhu zabezpečovacieho zariadenia na stanici
*Tlačené vozidlo pri nesprevádzanom posune nemusí byť obsadené zamestnancom ak: (Z1 čl.0604)|je tlačené len jedno vozidlo a nie je ohrozená bezpečnosť cestujúcich a rušňovodič má dostatočný rozhľad|tlačí najviac dve dráhové vozidlá|sa jedná o posun rušňovodičovi vopred známy
*Ako sa uskutoční jazda pomocných prostriedkov pre uviaznutý vlak alebo pre zanechanú časť z roztrhnutého vlaku? (Z1 čl.0606)|ako posun medzi dopravňami na prevádzkovanú koľaj|jazda vlaku na vylúčenej koľaji|jazda vlaku na nevylúčenej koľaji
Pre jazdu z určitého kilometra (miesta) na šírej trati kde jazda PMD začína, si musí vedúci posunu vyžiadať súhlas od:|výpravcov oboch susedných staníc priamo|výpravcu stanice v ktorej PMD jazdu končí|všetkých strážnikov oddielov, závorárov, ktorých sa jazda PMD dotýka a to priamo
*Platia obmedzenia rýchlosti platné pre posun aj pre posun medzi dopravňami (PMD)? (Z1 čl.0612)|áno|nie|len v prípade, keď je PMD tlačený
*Môže posunujúci diel ktorý ide ako posun medzi dopravňami (PMD) vchádzať v dopravniach s koľajovým rozvetvením aj na koľaj obsadenú stojacimi dráhovými vozidlami? (Z1 čl.0613)|áno, bez ďalších opatrení|nie|áno, ak je vyrozumený písomným rozkazom v susednej stanici
*Posun medzi dopravňami (PMD) sa riadi: (Z1 čl.0614)|vždy písomným rozkazom vydaným výpravcom|písomným rozkazom "V", ktorého príjem sa nepotvrdzuje|ústnym súhlasom výpravcu priamo alebo prostredníctvom výhybkára
Pri žiadosti o súhlas na jazdu PMD sa musia výpravcovi susednej stanice oznámiť všetky údaje vyžadujúce si osobitnú pozornosť. Odkiaľ sa tieto údaje dozvie výpravca stanice, v ktorej začína PMD jazdu?|od rušňovodiča PMD|z predpisu "Doprava traťových strojov podľa typov"|zo "Súborného rozkazu o výlukách"
*PMD zo stanice, v ktorej sú pre každú koľaj umiestnené neprenosné návestidlá platné pre posun, smie odísť na návesť: (Z1 čl.0627)|dovoľujúcu posun na návestidle jeho odchodovej koľaje|"Posun za námedzník"|"Opatrne na privolávaciu návesť"
*PMD odíde zo stanice, v ktorej nie je pri každej koľaji neprenosné návestidlo pre posun a zhlavie je obsadené výhybkárom, na návesť: (Z1 čl.0627)|"Priblížiť" dávanú výhybkárom|"Vzdialiť" dávanú zamestnancom oprávneným riadiť posun|"Odchod" dávanú výpravcom
*V staniciach bez výhybkárov na odchodovom zhlaví, keď je postavená posunová cesta pre odchod PMD, výpravca: (Z1 čl.0627)|dá ústny súhlas na odchod zo stanice vedúcemu posunu|vypraví PMD návesťou "Odchod"|vyrozumie vedúceho posunu o postavenej posunovej ceste rozkazom PMD
*Ručne ovládané priecestné zabezpečovacie zariadenia sa neobsluhujú pri jazdách PMD: (Z1 čl.0631)|s manipuláciou (pobytom na šírej trati) a pri jazde do kilometra a späť do stanice|pre ktoré nebol ohlásený predvídaný odchod|ak je vedúce HKV vybavené šuntovací zariadením
*Spôsob a podmienky, za akých bude dovolená jazda posunujúceho dielu do dopravne s koľajovým rozvetvením určí výpravca: (Z1 čl.0637)|rozkazom pre PMD|rozkazom "V"|rozkazom "Op"
*Ak sa posunujúcemu dielu (PMD) nedovoľuje vchod do stanice dohodnutým spôsobom? (Z1 čl.0637)|PMD zastaví pri vchodovom návestidle a o ďalšom postupe sa dohodne s výpravcom|PMD zastaví pred krajnou výhybkou a o ďalšom postupe sa dohodne s výpravcom|PMD zastaví pred výhybkárskym stanovišťom (stavadlom) a o ďalšom postupe sa dohodne s výhybkárom (signalistom)
Ak zamestnanec dostane ústny rozkaz v prípadoch, pre ktoré je nariadený písomný rozkaz musí:|trvať na vydaní písomného rozkazu|potvrdiť, že ústnemu rozkazu rozumel|vždy tento ústny rozkaz opakovať
*Zamestnanec, ktorý písomný rozkaz preberá je povinný:; (Z1 čl.0653)|prečítať si ho ešte pred potvrdením prevzatia, prípadné nezrovnalosti sa musia ihneď odstrániť|prečítať si ho ešte pred odchodom vlaku a prípadne požiadať o odstránenie nezrovnalostí|požiadať doručovateľa aby mu ho prečítal, ak sa vyskytnú nezrovnalosti odmietne jeho prevzatie
*Je platný písomný rozkaz s odtlačkom pečiatky stanice a podpisom zamestnanca, ktorý ho napísal, i keď nie je napísaný na predpísanom tlačive? (Z1 čl.0655)|áno, ak je vyhotovený podľa predpísaného vzoru a s počtom rovnopisov. Prvopis sa vlepí do príslušného zväzku rozkazov|nie je platný|je platný, ak to povolil schvaľovateľ Prevádzkového poriadku. Priepis sa vlepí do príslušného zväzku rozkazov.
*Ktoré tlačivo patrí medzi písomné rozkazy? (Z1 čl.0655)|"Všeobecný rozkaz s predtlačou" (V)|odpoved|odpoved
Ako písomné rozkazy sa používajú tlačivá:|"rozkaz pre PMD"|"Rozkaz Rv"|"Všeobecný rozkaz pre trať s diaľkovým zabezpečovacím zariadením" (V)
Ako písomné rozkazy sa používajú tlačivá:|"Rozkaz na opatrnú jazdu" (Op)|"Rozkaz o križovaní" (K)|"Príkaz vlakvedúceho" (Pv)
Texty (rukopisné, nálepky, tlač) na všetkých listoch v písomných rozkazoch musia byť umiestnené:|vodorovne|zvisle|šikmo
*Je dovolené pri písaní písomného rozkazu používať telegrafické alebo iné skratky? (Z1 čl.0656)|áno, len tie, ktoré majú všeobecnú platnosť, napr: ŽST, Výh, Odb, Hl, Hr, AH, PZZ, km, h, min a pod.|nie|áno, ale len špecifické značky používané v odbornej terminológii
Môžu sa urobiť zmeny v už napísaných písomných rozkazoch?|áno, ale len vtedy, ak sa neporuší zrozumiteľnosť textu rozkazu|áno, pôvodný text sa prečiarkne a pod tento sa napíše správny text|nie, musí sa vždy napísať nový rozkaz
*Ako sa postupuje, ak písomný rozkaz, ktorý už rušňovodič podpisom prevzal je potrebné zrušiť? (Z1 čl.0656)|zruší sa na prvopise v prítomnosti rušňovodiča alebo sa zruší novým rozkazom|vydaný prvopis rozkazu sa v prítomnosti rušňovodiča roztrhá|vydaný prvopis rozkazu a všetky jeho priepisy sa zničia v prítomnosti rušňovodiča
*Ako sa označia vykonané zmeny v písomných rozkazoch? (Z1 čl.0656)|poznámkou ,,opravil,, a podpisom zamestnanca|perom s červenou náplňou|perom so zelenou náplňou
*Okrem prípadov nariadených jednotlivými ustanoveniami predpisu Z1 musí byť rušňovodič vlaku vyrozumený písomným rozkazom: (Z1 čl.0665)|ak je potrebné zníženie rýchlosti vlaku pozdĺž pracovného miesta traťových strojov nariadené výlukovým dokumentom alebo na žiadosť vedúceho prác|pri prechádzajúcich vlakoch upozorňovaných na pracovné miesto na trati označené návesťou "Pracovné miesto, pískajte"|pri jazde PMD
Rušňovodič musí byť vyrozumený písomným rozkazom pri:|odstránení, premiestnení, aktivovaní alebo neplatnosti návestidiel|jazde PMD|poruche priecestného zabezpečovacieho zariadenia
Rušňovodič musí byť vyrozumený písomným rozkazom ak:|treba, aby znížil rýchlosť alebo zastavil z dôvodu stavu koľají, trakčného vedenia, stavieb železničného spodku, a pri opravách alebo prestavbách týchto zariadení|na trati s automatickým blokom dôjde k poruche odchodového návestidla v stanici|pri jazde vlaku za nemožného dorozumenia sa v medzistaničnom úseku nachádza iný vlak
*Rušňovodič musí byť vyrozumievaný písomným rozkazom pri odstránení, premiestnení, aktivovaní alebo neplatnosti návestidiel a pri aktivovaní alebo zrušení zabezpečovacieho zariadenia: (Z1 čl.0665)|najmenej 21 dní od ich zavedenia|počas 10 dní|počas 14 kalendárnych dní, ak rozkazom o výluke nie je tento čas predĺžený
*Môže sa napísať v jednom kalendárnom dni jeden rozkaz "Op, časť A" toho istého obsahu aj pre niekoľko vlakov? (Z1 čl.0666)|áno, ak ich sprevádza ten istý rušňovodič a v určených prípadoch aj sprevádzajúci personál|nie, pre každý vlak sa musí napísať osobitný rozkaz|áno, ak sa jedná o tú istú ucelenú súpravu
*Ak je nariadená jazda podľa rozhľadu vydáva sa rozkaz: (Z1 čl.0667)|Op časť B|Op časť A|Op časť C
*Pri poruche PZZ, ak priecestie nie je strážené sa vydáva: (Z1 čl.0667)|rozkaz Op, časť A|rozkaz Op, časť B|všeobecný rozkaz s predtlačou
*Akým spôsobom sa doplní predtlač rozkazu Op, časť A? (Z1 čl.0668)|udaním kilometrickej polohy PZZ na tri desatinné miesta a názvami staníc, zastávok, hradiel alebo hlásnic, medzi ktorými alebo v ktorých sa priecestie nachádza|udaním kilometrickej polohy PZZ na dve desatinné miesta a názvami staníc medzi ktorými alebo v ktorých sa priecestie nachádza|udaním kilometrickej polohy PZZ na jedno desatinné miesto a názvami staníc, hradiel alebo hlásnic, medzi ktorými sa priecestie nachádza
*Rušňovodiči sa o zriadení dočasných traťových stanovíšť strážnikov trate vyrozumejú: (Z1 čl.0683)|rozkazom V|výlukovým dokumentom|Tabuľkami traťových pomerov
*Podľa spôsobu zabezpečenia poznáme priecestia: (Z1 čl.0686)|zabezpečené a nezabezpečené|so závorami a bez závor|s miestnou a diaľkovou obsluhou
*Priecestné svetelné zabezpečovacie zariadenie je vypnuté z činnosti. Akým spôsobom musí byť vyrozumený rušňovodič vlaku (PMD) pri vypnutí tohto zariadenia? (Z1 čl.0691)|písomným rozkazom|rozkazom "Z"|ústne
*V čase, ak je na požiadanie odstránená mechanická uzamykateľná zábrana na priecestí, sú rušňovodiči vlakov o tomto vyrozumení: (Z1 čl.0698)|rozkazom "V"|rozkazom "Op" o jazde podľa rozhľadu|rozkazom "Z"
Priecestie s mechanickým PZZ sa považuje za priecestie v poruche ak:|nemožno uzavrieť čo i len jedno brvno závor|na základe obdržaného predvídaného odchodu daného závorárovi dôjde k oneskorenému uzatvoreniu závor|prešiel popri otvorených závor vlak pretože, závorárovi nebol ohlásený predvídaný odchod vlaku
*Na trati je PZS so závorami v poruche. Ako sa postupuje, ak výstražníky návestia výstrahu do všetkých pozemných komunikácií priecestia? (Z1 čl.0701)|rušňovodiči sa vyrozumejú písomným rozkazom, v ktorom sa uvedie informácia o stave ramien závor|rušňovodiči sa vyrozumejú rozkazom "Op"|vyrozumievanie v tomto prípade nie je potrebné
*Rušňovodič je o poruche PZZ vyrozumený. Akou rýchlosťou a odkiaľ musí ísť v tomto prípade ťahaný vlak (PMD)? (Z1 čl.0702)|najviac 10 km/h, od "Tabuľky pred priecestím", dokiaľ čelo vlaku (PMD) neminie priecestie|najviac 20 km/h, od "Tabule pred zástavkou", dokiaľ čelo vlaku (PMD) neminie priecestie|najviac 30 km/h, od posledného hlavného návestidla pred priecestím, dokiaľ čelo vlaku (PMD) neminie priecestie
*Rušňovodič tlačeného vlaku (PMD) je vyrozumený o poruche PZZ. Aký postup sa musí zachovať pri jazde vlaku cez takéto priecestie? (Z1 čl.0703)|vlak smie ísť cez takéto priecestie len ak je strážené|musí upraviť rýchlosť ako pri jazde podľa rozhľadu|pri jazde cez takéto priecestie postupuje ako na návesť priecestníka "Poruchový stav"
*Kedy sa považuje priecestie za strážené? (Z1 čl.0705)|ak bol zamestnancovi strážiacemu priecestie ohlásený predvídaný odchod|bol k priecestiu vyslaný zamestnanec s predpísanými pomôckami|zamestnanec určený na stráženie zapojil do traťového spojenia pridelený telefón
*Rušňovodič musí byť vyrozumený písomným rozkazom, že priecestník alebo priecestné upozorňovadlo pre jeho jazdu neplatí, ak: (Z1 čl.0707)|sú všetky priecestia kryté jedným priecestníkom alebo hlavným návestidlom počas poruchy strážené alebo miestne obsluhované|je v medzistaničnom úseku jedno alebo viac priecestí a priecestia nie sú strážené|v medzistaničnom úseku sú všetky priecestia strážené, ale jednému zo strážnikov nemohol byť ohlásený predvídaný odchod vlaku
Ak sú všetky priecestia kryté jedným priecestníkom alebo hlavným návestidlom počas poruchy strážené alebo miestne obsluhované rušňovodič musí byť vyrozumený:|písomným rozkazom|vždy rozkazom "Op časť A"|vždy rozkazom "Op časť B"
*Pri poruche automatického bloku sa o jazde vlaku v medzistaničnom oddiele vyrozumie rušňovodič: (Z1 čl.0805)|písomným rozkazom|ústne, osobne|vlakovým rádiovým spojením
*Ako sa zabezpečí jazda vlakov ak nastane nemožné dorozumenie? (Z1 čl.0816)|jazdou podľa rozhľadu povolenkami|v traťových oddieloch|rušňovodiči vlakov sú vyrozumení ústne
*Pre ktorú traťovú koľaj platí modrá povolenka? (Z1 čl.0818)|pre 2. traťovú koľaj|pre 1. traťovú koľaj|pre 0. traťovú koľaj
*Počas jazdy podľa rozhľadu oddielové návestidlá: (Z1 čl.0835)|neplatia|platia|majú podmienečnú platnosť
*Ako nariadi výpravca rušňovodičovi vlaku jazdu podľa rozhľadu? (Z1 čl.0836)|ústne a rozkazom Op|rozkazom V a ústne|rozkazom V, Op
*Ako výpravca nariadi odovzdanie povolenky v susednej stanici? (Z1 čl.0837)|zapíše do rozkazu Op príkaz na odovzdanie povolenky|písomne|ústne
*Kedy je dovolený návrat vlaku z trate za nemožného dorozumenia? (Z1 čl.0838)|len vtedy, ak má povolenku|vždy|so súhlasom strážnika oddielu
Môže sa zmeškanie vlakov prenášať aj na iné vlaky?|nie|áno|áno, po dohode s dispečerom
*Ako sa môže znížiť meškanie vlaku? (Z1 čl.0847)|krátením pobytov|krátením pravidelných jazdných časov|prekračovaním stanovených rýchlostí
*Kde končí vlaková cesta pri zastavujúcom vlaku v stanici bez odchodových návestidiel? (Z1 čl.0869)|pri prvom námedzníku pri zbiehajúcich sa dopravných koľají na odchodovej strane vlaku|pri prednom námedzníku pri koľajovej spojke|pri prvom námedzníku medzi dopravnou a manipulačnou koľajou
Do stanice bez odchodových návestidiel vchádza pravidelne prechodiaci vlak, ktorý bol zastavený pri vchodovom návestidle. Jeho vlaková cesta končí:|pri prvom námedzníku na odchodovej strane|pri vchodovom návestidle z opačnej strany|pri návesti 51b, Stoj
Vlakovou cestou pri prechodiacom vlaku sa rozumie úsek koľaje:|medzi vchodovým návestidlom na vchodovej strane a vchodovým návestidlom pre opačný smer jazdy vlaku|od odchodového návestidla až po ďalšie hlavné návestidlo (cestové, odchodové) zakazujúce jazdu|od vchodového návestidla po odchodové návestidlo
Vlaková cesta v stanici s cestovými návestidlami, ak je medzi cestovým návestidlom dovoľujúcim jazdu a vchodovým návestidlom pre opačný smer jazdy ďalšie hlavné návestidlo (cestové, odchodové) zakazujúce jazdu končí pri:|tomto ďalšom hlavnom návestidle (cestovom, odchodovom) zakazujúcom jazdu|prednom námedzníku|vchodovom návestidle pre opačný smer jazdy na odchodovej strane
*Kde má vlak v stanici zastaviť? (Z1 čl.0912)|na určenom, označenom mieste alebo pred miestom ukončenia vlakovej cesty|vždy pred dopravnou kanceláriou|pred návesťou "Výstraha"
*Ako sa vyznačí v tabelárnom cestovnom poriadku sa pravidelný vchod vlaku na slepú koľaj? (Z1 čl.0922)|znakom trojuholníka a osobitnou poznámkou|osobitnou poznámkou|znakom štvorca
*Ako sa vyznačí v tabelárnom cestovnom poriadku pravidelný vchod na obsadenú koľaj? (Z1 čl.0924)|krúžkom a osobitnou poznámkou|znakom trojuholníka|znakom štvorca
*V ktorej stanici musí byť rušňovodič vyrozumený písomným rozkazom o mimoriadnom vchode na slepú alebo obsadenú koľaj? (Z1 čl.0925)|v poslednej stanici obsadenej výpravcom|vo východiskovej stanici|len v dispozičnej stanici
*Od ktorého miesta rušňovodič pri vchode vlaku na obsadenú koľaj upraví vchodovú rýchlosť podľa rozhľadových pomerov? (Z1 čl.0927)|od vchodového návestidla|krajnej vchodovej výhybky|námedzníka príslušnej koľaje
Rušňovodič pri vchode vlaku na obsadenú koľaj musí upravíť rýchlosť od vchodového (cestového) návestidla podľa rozhľadových pomerov:|tak, aby mohol bezpečne zastaviť za všetkých okolností pred koľajovými vozidlami|tak, aby mohol zastaviť za všetkých okolností včas a bezpečne pred koľajovými vozidlami, najneskôr však pred ručnou návesťou 51, Stoj. Rýchlosť 30 km/h nesmie byť prekročená|rýchlosť 30 km/h esmie prekročiť. Musí zastaviť za všetkých okolností včas a bezpečne pred koľajovými vozidlami
*Odkiaľ musí rušňovodič pri vchode vlaku na obsadenú koľaj, očakávať jej obsadenie? (Z1 čl.0927)|od krajnej vchodovej výhybky|od vchodového návestidla|od námedzníka koľaje
*Kde je uvedené, ak má vlak ísť mimoriadne na obsadenú koľaj až od cestového návestidla? (Z1 čl.0928)|v rozkaze "V"|v Tabuľkách traťových pomerov|v poznámke pod tabelárnym cestovným poriadkom príslušného vlaku
*Smie byť dovolená jazda vlaku na obsadenú koľaj, ak je koľaj obsadená medzi vchodovým návestidlom a krajnou výhybkou? (Z1 čl.0929)|nie|áno, vlak musí byť o tom vyrozumený rozkazom "V"|áno, ak je to uvedené v Tabuľkách traťových pomerov
*Je možné v čase výluky dopravnej služby v stanici posunovať? (Z1 čl.0933)|nemožno posunovať, ak je treba pri posune meniť postavenú vlakovú cestu|nie, v žiadnom prípade|áno, vždy
*Kde je uvedená platnosť a význam hlavných návestidiel a ich predzvestí počas výluky dopravnej služby? (Z1 čl.0935)|v Zošitovom cestovnom poriadku|v Obsluhovacom poriadku|v predpisoch pre obsluhu zabezpečovacieho zariadenia
Rušňovodič zmeškaného vlaku, ktorý mal ísť počas výluky dopravnej služby a pôjde až v čase, keď je už stanica obsadená výpravcom, musí byť vyrozumený:|rozkazom "V"|ústne|rozkazom Op časť "A"
Rozkaz "V", ktorým musí byť vyrozumený rušňovodič vlaku idúci mimoriadne v čase výluky dopravnej služby znie:|"V stanici....(názov stanice) je výluka dopravnej služby"|"Do stanice....(názov stanice) vchádzajte za podmienok jazdy podľa rozhľadu"|"Stanica....(názov stanice) nie je obsadená výpravcom, do stanice vchádzajte za podmienok jazdy podľa rozhľadu"
*Ako a kde musí byť vyrozumený rušňovodič vlaku, ktorý pôjde mimoriadne v čase výluky dopravnej služby? (Z1 čl.0939)|rozkazom "V" v susednej stanici obsadenej výpravcom|rozkazom "V" v dispozičnej stanici|rozkazom "Op, časť A" v dispozičnej stanici
Trvanie výluky dopravnej služby v staniciach a na hradlách je uvedené v:|grafikone vlakovej dopravy a v zošitovom cestovnom poriadku|Tabuľkách traťových pomerov|Zozname vlakov pre staničných zamestnancov
*Smie vlak, ktorý má na trati pobyt (obsluha vlečky), prísť do susednej stanice s náskokom bez obsluhy: (Z1 čl.0969)|áno, ak mu to bolo dovolené rozkazom "V" vydaným pred odchodom na trať|áno, s ústnym súhlasom prevádzkového dispečera|nie, musí dodržať údaje ZCP
*Ako sa vypravujú vlaky idúce po nesprávnej koľaji pri zjazdnosti oboch koľají? (Z1 čl.0977)|v medzistaničnom oddiele|na povolenky|v traťových oddieloch
*Rušňovodič vlaku pri jazde po nesprávnej koľaji sa musí vyrozumieť o: (Z1 čl.0981)|dôvode jazdy po nesprávnej koľaji, platnosti (neplatnosti) návestidiel, obmedzení rýchlosti a ďalších mimoriadnostiach|tom, že ide po pravej koľaji|technických opatreniach
*Vchod vlaku z nesprávnej koľaje (pri jazde vlaku do km a späť), ak nie je pre nesprávnu koľaj zriadené vchodové návestidlo sa dovolí: (Z1 čl.0995)|ručnou privolávacou návesťou dávanou v úrovni vchodového návestidla na vonkajšej strane nesprávnej koľaje|privolávacou návesťou vchodového návestidla správnej koľaje|ručnou privolávacou návesťou dávanou pred vchodovým návestidlom správnej koľaje
*Platia pri návrate vlaku z km po nesprávnej koľaji oddielové návestidlá poloautomatického bloku správnej koľaje? (Z1 čl.0995)|nie|áno|áno, ak to určí výpravca rozkazom "V"
*Platia oddielové návestidlá správnej koľaje na tratiach bez zabezpečovacieho zariadenia pri jazde vlaku po nesprávnej koľaji, ak je správna koľaj v prevádzke? (Z1 čl.0996)|nie|áno|áno, len ak to určí výpravca rozkazom "V"
Medzistaničné úseky a koľaje, na ktorých sú dovolené jazdy vlakov proti správnemu smeru sú uvedené v:|Tabuľkách traťových pomerov|Prevádzkovom poriadku|Staničnom poriadku a v Dodatku
*Výpravca DOT môže nariadiť oprávnenému zamestnancovi v ovládanej dopravni, aby po príchode vlaku do dopravne ohlásil, že vlak došiel celý: (Z1 čl.1015)|pri poruche traťového súhlasu, keď nemôže zistiť voľnosť traťovej koľaje|pri poruche traťového súhlasu, keď môže zistiť voľnosť traťovej koľaje|len na žiadosť výpravcu prípojnej stanice
Musí sa rušňovodič v diaľkovo ovládanej dopravni po piatich minútach po zastavní vlaku pri odchodovom návestidle (o ktorom nebol informovaný), ohlásiť výpravcovi DOT?|áno|nie|len ak neuvoľnil zadný námedzník
*Ak potrebuje výpravca DOT privolať rušňovodiča k telefónu, zastaví vlak pred odchodovým návestidlom s návesťou "Stoj" a: (Z1 čl.1023)|ak sa do 5 minút nezmení návestný znak na odchodovom návestidle na návesť dovoľujúcu jazdu, musí sa rušňovodič ohlásiť výpravcovi DOT|rušňovodič je povinný sa okamžite ohlásiť výpravcovi DOT|rušňovodič je povinný sa po 15 minútach ohlásiť výpravcovi DOT
*Aký je postup rušňovodiča ak vlak zastaví mimoriadne v dopravni na trati s diaľkovo obsluhovaným zabezpečovacím zariadením a vlaková cesta je postavená pre prechod vlaku? (Z1 čl.1024)|musí bezodkladne oznámiť výpravcovi DOT dôvod zastavenia|km polohu zastavenia, počasie a počet členov vlakového personálu|číslo vlaku, názov dopravne, číslo koľaje
*Postavenú vlakovú cestu pri mimoriadnom zastavení vlaku v ovládanej dopravni možno v nevyhnutných prípadoch zrušiť až po vyrozumení: (Z1 čl.1024)|rušňovodiča|vlakvedúceho|udržujúceho zamestnanca, ktorý vlakovú cestu zruší
Musí sa rušňovodič hlásiť bezodkladne výpravcovi DOT, ak zastaví pred vchodovým návestidlom na trati s diaľkovo obsluhovaným zabezpečovacím zariadením? (Z1 čl.1025)|áno|nie|áno, ale len ak je zhasnuté
Rušňovodič po zastavení pred vchodovým návestidlom ovládanej dopravne zakazujúcim jazdu:|prihlási sa bezodkladne výpravcovi DOT|vojde do stanice len po krajnú výhybku|postupuje ako pri krycom návestidle
*Ak sa po stanovenom čase odchodu vlaku na odchodovom návestidle nerozsvieti návesť dovoľujúca jazdu, rušňovodič sa musí ohlásiť výpravcovi DOT po: (Z1 čl.1026)|piatich minútach|desiatich minútach|troch minútach
*Na trati s diaľkovo obsluhovaným zabezpečovacím zariadením sa povolenky: (Z1 čl.1030)|nepoužívajú|používajú a sú uložené v jednotlivých ovládaných dopravniach|používajú a sú uložené len v prípojnej stanici
*Ako musia byť usporiadané výmenové zámky výhybiek v dopravných koľajach na tratiach so zjednodušeným riadením dopravy? (Z1 čl.1041)|tak, aby sa mohli uzamykať pre všetky jazdy vlakov|tak, aby sa mohli uzamykať iba pre vlaky idúce proti hrotu|v prípade, ak sú viazané kontrolnou výmenovou zámkou na výkoľajku
*Kde sú držané hlavné kľúče na tratiach so zjednodušeným riadením dopravy, ak nie sú v súpravách hlavných kľúčov? (Z1 čl.1042)|v kontrolných (ústredných) zámkach|v skrinke na zavesovanie hlavných kľúčov|v uzamknutej presklenej skirnke v dopravni
*Kde sa nachádza kľúč od telefónnych stanovíšť na tratiach so zjednodušeným riadením dopravy? (Z1 čl.1043)|v súprave hlavných kľúčov|v súprave náhradných kľúčov|v skrinke s telefónom
*Aký tvar majú štítky kľúčov od výmenových zámok na tratiach so zjednodušeným riadením dopravy, ktoré sú v súprave hlavných kľúčov? (Z1 čl.1047)|kruhu|štvorca|stromčeka
*Dispečer na trati so zjednodušeným riadením dopravy smie vydať súpravu hlavných kľúčov: (Z1 čl.1048)|oprávnenému zamestnancovi pri údržbe, oprave a prehliadkach koľají, výhybiek a zabezpečovacieho zariadenia a zamestnancovi určenému na čistenie a mastenie výhybiek|zamestnancovi prepravcu|prednostovi prípojnej stanice
*Dispečer na trati so zjednodušeným riadením dopravy, ak nedostal v stanovenej dobe hlásenie o ukončení manipulácie s hlavnými kľúčmi v susednej dopravni: (Z1 čl.1050)|vyrozumie rušňovodiča o zastavení pred krajnou výhybkou|zakáže rušňovodičovi odchod z dopravne|vyrozumie rušňovodiča o zastavení pred lichobežníkovou tabuľkou
*Ako zistí rušňovodič alebo na to určený zamestnanec na trati so zjednodušeným riadením dopravy správnu polohu uzamknutých výhybiek a výkoľajok? (Z1 čl.1053)|podľa kľúčov, ktoré musí mať pri sebe|záverovej tabuľky|návestidiel na výhybkách
*Náhradné kľúče na trati so zjednodušeným riadením dopravy sú označené: (Z1 čl.1056)|na rube štítka náhradného kľúča je skratka názvu dopravne alebo stanovišťa|vyrazené písmeno "N"|vyrazené písmeno "Nk"
*Rušňovodič na trati so zjednodušeným riadením dopravy má povinnosť ohlásiť čas príchodu vlaku: (Z1 čl.1062)|a žiadať súhlas od dispečera na jazdu z každej dopravne|iba pri jazde s náskokom|iba pri meškaní
*Ohlasovacia povinnosť na trati so zjednodušeným riadením dopravy smie byť zrušená: (Z1 čl.1065)|grafikonom vlakovej dopravy a rozkazom "V"|Tabuľkami traťových pomerov|Prevádzkovaným poriadkom prípojnej stanice
*Dispečer na trati so zjednodušeným riadením dopravy dá súhlas na jazdu vlaku vždy len do: (Z1 čl.1066)|susednej dopravne alebo riadiacej dopravne (pokiaľ nezruší ohlasovanie)|cieľovej stanice|priľahlej stanice
*Zrušením ohlasovacej povinnosti dáva dispečer na trati so zjednodušeným riadením dopravy súčasne súhlas na jazdu vlaku až do: (Z1 čl.1067)|dopravne, v ktorej nebola zrušená ohlasovacia povinnosť|konečnej dopravne|priľahlej dopravne
Dispečer na trati so zjednodušeným riadením dopravy zruší ohlasovaciu povinnosť:|V rozkazom: "Ohlasovacia povinnosť zrušená v dopravniach...(názvy dopravní)"|V rozkazom: "Ruším ohlasovanie v dopravniach...(názvy dopravní)"|ústne
*Ako zapíše rušňovodič na trati so zjednodušeným riadením dopravy zrušenie ohlasovacej povinnosti? (Z1 čl.1071)|"Vlaku ... (číslo) bola zrušená ohlasovacia povinnosť až do ... (názov dopravne)". Pripojí priezvisko dispečera a zápis podpíše|"Ruším ohlasovaciu povinnosť vlaku... (čislo) až do ... (názov dopravne)". Pripojí priezvisko dispečera a zápis podpíše|"Súhlasím so zrušením ohlasovacej povinnosti pre vlak ... (číslo) až do ... (názov dopravne). Zápis podpíše
*Rušňovodič na trati so zjednodušeným riadením dopravy musí ohlásiť meškanie vlaku, ktorému bola zrušená ohlasovacia povinnosť, ak došlo k zmeškaniu: (Z1 čl.1072)|10 minút a viac|30 minút a viac|5 minút
Dispečer súhlas na jazdu vlaku na trati so zjednodušeným riadením dopravy udelí slovami:|"Áno, vlak ... (číslo) smie odísť o ... h ...min z ... do ... (názov dopravní) ... (priezvisko dispečera)"|"Vlak ... (číslo) môže odísť o ... h ...min z ... do ... (názov dopravní) ... (priezvisko dispečera)"|"Áno, s jazdou vlaku ... (číslo) súhlasím ... (priezvisko dispečera)